FULL_NAME,DRAFT_YEAR,RET_YEAR,SP,OLDHEAD,MIDDLE,MODERN,GP,PTS,REB,AST,STL,BLK,PPG,RPG,APG,SPG,BPG,FG_PCT,FG3_PCT,FT_PCT,RINGS,FMVP,MVP,ALL_NBA,ALL_STAR,ALL_DEF,ROTY,DPOY,HOF
Vlatko Cancar,2019.0,2022.0,4.0,0.0,0.0,1.0,130.0,461.0,219.0,114.0,36.0,20.0,3.5,1.7,0.9,0.3,0.2,0.479,0.361,0.847,1.0,0.0,0.0,0.0,0.0,0.0,0.0,0.0,0.0
Day'Ron Sharpe,2021.0,2023.0,3.0,0.0,0.0,1.0,141.0,840.0,749.0,139.0,49.0,91.0,6.0,5.3,1.0,0.3,0.6,0.565,0.364,0.612,0.0,0.0,0.0,0.0,0.0,0.0,0.0,0.0,0.0
Bojan Bogdanovic,2014.0,2023.0,10.0,0.0,0.0,1.0,719.0,11184.0,2559.0,1194.0,398.0,55.0,15.6,3.6,1.7,0.6,0.1,0.46,0.394,0.859,0.0,0.0,0.0,0.0,0.0,0.0,0.0,0.0,0.0
James Bouknight,2021.0,2023.0,3.0,0.0,0.0,1.0,79.0,383.0,133.0,73.0,22.0,7.0,4.8,1.7,0.9,0.3,0.1,0.363,0.335,0.762,0.0,0.0,0.0,0.0,0.0,0.0,0.0,0.0,0.0
Markieff Morris,2011.0,2023.0,13.0,0.0,0.0,1.0,776.0,8020.0,3824.0,1200.0,592.0,377.0,10.3,4.9,1.5,0.8,0.5,0.445,0.343,0.778,1.0,0.0,0.0,0.0,0.0,0.0,0.0,0.0,0.0
Robin Lopez,2008.0,2023.0,16.0,0.0,0.0,1.0,992.0,8326.0,4660.0,819.0,219.0,1045.0,8.4,4.7,0.8,0.2,1.1,0.537,0.297,0.743,0.0,0.0,0.0,0.0,0.0,0.0,0.0,0.0,0.0
Dexter Dennis,2023.0,2023.0,1.0,0.0,0.0,1.0,4.0,22.0,9.0,4.0,0.0,1.0,5.5,2.2,1.0,0.0,0.2,0.526,0.125,0.333,0.0,0.0,0.0,0.0,0.0,0.0,0.0,0.0,0.0
Ron Harper Jr.,2022.0,2023.0,2.0,0.0,0.0,1.0,10.0,20.0,7.0,5.0,0.0,1.0,2.0,0.7,0.5,0.0,0.1,0.5,0.333,1.0,0.0,0.0,0.0,0.0,0.0,0.0,0.0,0.0,0.0
Kyle Kuzma,2017.0,2023.0,7.0,0.0,0.0,1.0,476.0,8246.0,3043.0,1294.0,268.0,262.0,17.3,6.4,2.7,0.6,0.6,0.451,0.337,0.733,1.0,0.0,0.0,0.0,0.0,0.0,0.0,0.0,0.0
Thomas Bryant,2017.0,2023.0,7.0,0.0,0.0,1.0,267.0,2529.0,1451.0,273.0,87.0,193.0,9.5,5.4,1.0,0.3,0.7,0.596,0.355,0.768,1.0,0.0,0.0,0.0,0.0,0.0,0.0,0.0,0.0
Jordan Clarkson,2014.0,2023.0,10.0,0.0,0.0,1.0,716.0,11429.0,2405.0,2073.0,583.0,107.0,16.0,3.4,2.9,0.8,0.1,0.438,0.335,0.832,0.0,0.0,0.0,0.0,0.0,0.0,0.0,0.0,0.0
Miles Bridges,2018.0,2023.0,6.0,0.0,0.0,1.0,360.0,5342.0,2146.0,887.0,278.0,249.0,14.8,6.0,2.5,0.8,0.7,0.47,0.347,0.813,0.0,0.0,0.0,0.0,0.0,0.0,0.0,0.0,0.0
Caleb Martin,2019.0,2023.0,5.0,0.0,0.0,1.0,266.0,2249.0,1034.0,414.0,225.0,109.0,8.5,3.9,1.6,0.8,0.4,0.45,0.357,0.762,0.0,0.0,0.0,0.0,0.0,0.0,0.0,0.0,0.0
Trent Forrest,2020.0,2023.0,4.0,0.0,0.0,1.0,151.0,418.0,231.0,281.0,57.0,15.0,2.8,1.5,1.9,0.4,0.1,0.444,0.185,0.828,0.0,0.0,0.0,0.0,0.0,0.0,0.0,0.0,0.0
Scottie Barnes,2021.0,2023.0,3.0,0.0,0.0,1.0,211.0,3504.0,1563.0,990.0,238.0,204.0,16.6,7.4,4.7,1.1,1.0,0.474,0.311,0.764,0.0,0.0,0.0,0.0,1.0,0.0,1.0,0.0,0.0
Ayo Dosunmu,2021.0,2023.0,3.0,0.0,0.0,1.0,233.0,2290.0,650.0,704.0,190.0,91.0,9.8,2.8,3.0,0.8,0.4,0.504,0.37,0.77,0.0,0.0,0.0,0.0,0.0,0.0,0.0,0.0,0.0
Jarace Walker,2023.0,2023.0,1.0,0.0,0.0,1.0,33.0,120.0,63.0,40.0,15.0,11.0,3.6,1.9,1.2,0.5,0.3,0.409,0.4,0.889,0.0,0.0,0.0,0.0,0.0,0.0,0.0,0.0,0.0
Precious Achiuwa,2020.0,2023.0,4.0,0.0,0.0,1.0,263.0,2041.0,1496.0,258.0,134.0,167.0,7.8,5.7,1.0,0.5,0.6,0.481,0.307,0.608,0.0,0.0,0.0,0.0,0.0,0.0,0.0,0.0,0.0
Jrue Holiday,2009.0,2023.0,15.0,0.0,0.0,1.0,975.0,15736.0,4075.0,6201.0,1407.0,508.0,16.1,4.2,6.4,1.4,0.5,0.463,0.371,0.784,2.0,0.0,0.0,0.0,2.0,6.0,0.0,0.0,0.0
Kevin Love,2008.0,2023.0,16.0,0.0,0.0,1.0,929.0,15299.0,9403.0,2150.0,562.0,364.0,16.5,10.1,2.3,0.6,0.4,0.439,0.369,0.829,1.0,0.0,0.0,2.0,5.0,0.0,0.0,0.0,0.0
Gary Payton II,2016.0,2023.0,8.0,0.0,0.0,1.0,208.0,1081.0,578.0,229.0,209.0,61.0,5.2,2.8,1.1,1.0,0.3,0.551,0.345,0.596,1.0,0.0,0.0,0.0,0.0,0.0,0.0,0.0,0.0
Doug McDermott,2014.0,2023.0,10.0,0.0,0.0,1.0,655.0,5851.0,1433.0,657.0,142.0,61.0,8.9,2.2,1.0,0.2,0.1,0.471,0.41,0.806,0.0,0.0,0.0,0.0,0.0,0.0,0.0,0.0,0.0
T.J. Warren,2014.0,2023.0,10.0,0.0,0.0,1.0,385.0,5497.0,1515.0,446.0,353.0,181.0,14.3,3.9,1.2,0.9,0.5,0.505,0.351,0.78,0.0,0.0,0.0,0.0,0.0,0.0,0.0,0.0,0.0
Bennedict Mathurin,2022.0,2023.0,2.0,0.0,0.0,1.0,137.0,2158.0,552.0,235.0,83.0,27.0,15.8,4.0,1.7,0.6,0.2,0.439,0.344,0.826,0.0,0.0,0.0,0.0,0.0,0.0,0.0,0.0,0.0
Malcolm Cazalon,2023.0,2023.0,1.0,0.0,0.0,1.0,1.0,0.0,0.0,0.0,0.0,0.0,0.0,0.0,0.0,0.0,0.0,0.0,0.0,0.0,0.0,0.0,0.0,0.0,0.0,0.0,0.0,0.0,0.0
Charles Bassey,2021.0,2023.0,3.0,0.0,0.0,1.0,77.0,331.0,331.0,76.0,29.0,67.0,4.3,4.3,1.0,0.4,0.9,0.658,0.231,0.655,0.0,0.0,0.0,0.0,0.0,0.0,0.0,0.0,0.0
Kris Dunn,2016.0,2023.0,8.0,0.0,0.0,1.0,333.0,2642.0,1104.0,1407.0,469.0,144.0,7.9,3.3,4.2,1.4,0.4,0.437,0.323,0.739,0.0,0.0,0.0,0.0,0.0,0.0,0.0,0.0,0.0
Dean Wade,2019.0,2023.0,5.0,0.0,0.0,1.0,224.0,1162.0,752.0,208.0,134.0,78.0,5.2,3.4,0.9,0.6,0.3,0.433,0.371,0.714,0.0,0.0,0.0,0.0,0.0,0.0,0.0,0.0,0.0
John Collins,2017.0,2023.0,7.0,0.0,0.0,1.0,432.0,6795.0,3478.0,617.0,249.0,438.0,15.7,8.1,1.4,0.6,1.0,0.548,0.358,0.785,0.0,0.0,0.0,0.0,0.0,0.0,0.0,0.0,0.0
Bam Adebayo,2017.0,2023.0,7.0,0.0,0.0,1.0,489.0,7513.0,4275.0,1707.0,509.0,436.0,15.4,8.7,3.5,1.0,0.9,0.547,0.221,0.755,0.0,0.0,0.0,0.0,3.0,5.0,0.0,0.0,0.0
Pat Spencer,2023.0,2023.0,1.0,0.0,0.0,1.0,6.0,4.0,4.0,5.0,0.0,0.0,0.7,0.7,0.8,0.0,0.0,0.5,0.0,0.0,0.0,0.0,0.0,0.0,0.0,0.0,0.0,0.0,0.0
Jules Bernard,2023.0,2023.0,1.0,0.0,0.0,1.0,19.0,74.0,26.0,16.0,3.0,1.0,3.9,1.4,0.8,0.2,0.1,0.453,0.379,0.556,0.0,0.0,0.0,0.0,0.0,0.0,0.0,0.0,0.0
Otto Porter Jr.,2013.0,2023.0,11.0,0.0,0.0,1.0,527.0,5419.0,2599.0,783.0,586.0,221.0,10.3,4.9,1.5,1.1,0.4,0.477,0.397,0.797,1.0,0.0,0.0,0.0,0.0,0.0,0.0,0.0,0.0
Isaiah Hartenstein,2018.0,2023.0,6.0,0.0,0.0,1.0,322.0,1947.0,1812.0,538.0,225.0,289.0,6.0,5.6,1.7,0.7,0.9,0.596,0.31,0.689,0.0,0.0,0.0,0.0,0.0,0.0,0.0,0.0,0.0
Ausar Thompson,2023.0,2023.0,1.0,0.0,0.0,1.0,63.0,556.0,402.0,120.0,68.0,59.0,8.8,6.4,1.9,1.1,0.9,0.483,0.186,0.597,0.0,0.0,0.0,0.0,0.0,0.0,0.0,0.0,0.0
Javonte Green,2019.0,2023.0,5.0,0.0,0.0,1.0,195.0,1052.0,595.0,131.0,153.0,75.0,5.4,3.1,0.7,0.8,0.4,0.541,0.345,0.754,0.0,0.0,0.0,0.0,0.0,0.0,0.0,0.0,0.0
Greg Brown III,2021.0,2023.0,3.0,0.0,0.0,1.0,70.0,268.0,163.0,42.0,30.0,33.0,3.8,2.3,0.6,0.4,0.5,0.424,0.296,0.616,0.0,0.0,0.0,0.0,0.0,0.0,0.0,0.0,0.0
,,,,,,,,,,,,,,,,,,,,,,,,,,,,,
Ben Simmons,2017.0,2023.0,7.0,0.0,0.0,1.0,332.0,4765.0,2599.0,2469.0,530.0,232.0,14.4,7.8,7.4,1.6,0.7,0.56,0.139,0.589,0.0,0.0,0.0,1.0,3.0,2.0,1.0,0.0,0.0
Jalen Pickett,2023.0,2023.0,1.0,0.0,0.0,1.0,27.0,42.0,14.0,21.0,4.0,0.0,1.6,0.5,0.8,0.1,0.0,0.429,0.36,0.75,0.0,0.0,0.0,0.0,0.0,0.0,0.0,0.0,0.0
Marcus Sasser,2023.0,2023.0,1.0,0.0,0.0,1.0,71.0,586.0,125.0,236.0,44.0,12.0,8.3,1.8,3.3,0.6,0.2,0.428,0.375,0.879,0.0,0.0,0.0,0.0,0.0,0.0,0.0,0.0,0.0
Brandon Boston Jr.,2021.0,2023.0,3.0,0.0,0.0,1.0,105.0,653.0,193.0,84.0,46.0,21.0,6.2,1.8,0.8,0.4,0.2,0.396,0.312,0.776,0.0,0.0,0.0,0.0,0.0,0.0,0.0,0.0,0.0
Tim Hardaway Jr.,2013.0,2023.0,11.0,0.0,0.0,1.0,736.0,10307.0,2155.0,1363.0,457.0,101.0,14.0,2.9,1.9,0.6,0.1,0.418,0.36,0.812,0.0,0.0,0.0,0.0,0.0,0.0,0.0,0.0,0.0
DeAndre Jordan,2008.0,2023.0,16.0,0.0,0.0,1.0,1055.0,9274.0,10501.0,992.0,555.0,1540.0,8.8,10.0,0.9,0.5,1.5,0.674,0.154,0.475,1.0,0.0,0.0,3.0,1.0,2.0,0.0,0.0,0.0
Bogdan Bogdanovic,2017.0,2023.0,7.0,0.0,0.0,1.0,449.0,6590.0,1520.0,1470.0,464.0,117.0,14.7,3.4,3.3,1.0,0.3,0.438,0.384,0.843,0.0,0.0,0.0,0.0,0.0,0.0,0.0,0.0,0.0
Zion Williamson,2019.0,2023.0,5.0,0.0,0.0,1.0,184.0,4542.0,1199.0,761.0,182.0,111.0,24.7,6.5,4.1,1.0,0.6,0.592,0.341,0.695,0.0,0.0,0.0,0.0,2.0,0.0,0.0,0.0,0.0
Cam Whitmore,2023.0,2023.0,1.0,0.0,0.0,1.0,47.0,579.0,180.0,33.0,30.0,17.0,12.3,3.8,0.7,0.6,0.4,0.454,0.359,0.679,0.0,0.0,0.0,0.0,0.0,0.0,0.0,0.0,0.0
Dennis Smith Jr.,2017.0,2023.0,7.0,0.0,0.0,1.0,326.0,3160.0,967.0,1381.0,377.0,109.0,9.7,3.0,4.2,1.2,0.3,0.407,0.298,0.674,0.0,0.0,0.0,0.0,0.0,0.0,0.0,0.0,0.0
Kentavious Caldwell-Pope,2013.0,2023.0,11.0,0.0,0.0,1.0,835.0,9499.0,2539.0,1516.0,958.0,231.0,11.4,3.0,1.8,1.1,0.3,0.427,0.369,0.819,2.0,0.0,0.0,0.0,0.0,0.0,0.0,0.0,0.0
RaiQuan Gray,2022.0,2023.0,2.0,0.0,0.0,1.0,4.0,39.0,16.0,13.0,1.0,2.0,9.8,4.0,3.2,0.2,0.5,0.552,0.417,1.0,0.0,0.0,0.0,0.0,0.0,0.0,0.0,0.0,0.0
Tyus Jones,2015.0,2023.0,9.0,0.0,0.0,1.0,601.0,4420.0,1178.0,2593.0,598.0,57.0,7.4,2.0,4.3,1.0,0.1,0.445,0.367,0.813,0.0,0.0,0.0,0.0,0.0,0.0,0.0,0.0,0.0
GG Jackson,2023.0,2023.0,1.0,0.0,0.0,1.0,48.0,699.0,196.0,59.0,28.0,24.0,14.6,4.1,1.2,0.6,0.5,0.428,0.357,0.752,0.0,0.0,0.0,0.0,0.0,0.0,0.0,0.0,0.0
Cole Swider,2022.0,2023.0,2.0,0.0,0.0,1.0,25.0,51.0,14.0,9.0,1.0,1.0,2.0,0.6,0.4,0.0,0.0,0.383,0.342,1.0,0.0,0.0,0.0,0.0,0.0,0.0,0.0,0.0,0.0
Sandro Mamukelashvili,2021.0,2023.0,3.0,0.0,0.0,1.0,130.0,607.0,414.0,133.0,30.0,33.0,4.7,3.2,1.0,0.2,0.3,0.454,0.33,0.726,0.0,0.0,0.0,0.0,0.0,0.0,0.0,0.0,0.0
Dereck Lively II,2023.0,2023.0,1.0,0.0,0.0,1.0,55.0,483.0,378.0,60.0,36.0,77.0,8.8,6.9,1.1,0.7,1.4,0.747,0.0,0.506,0.0,0.0,0.0,0.0,0.0,0.0,0.0,0.0,0.0
Victor Wembanyama,2023.0,2023.0,1.0,0.0,0.0,1.0,71.0,1522.0,755.0,274.0,88.0,254.0,21.4,10.6,3.9,1.2,3.6,0.465,0.325,0.796,0.0,0.0,0.0,0.0,0.0,1.0,1.0,0.0,0.0
Marcus Smart,2014.0,2023.0,10.0,0.0,0.0,1.0,601.0,6430.0,2110.0,2786.0,955.0,219.0,10.7,3.5,4.6,1.6,0.4,0.388,0.323,0.776,0.0,0.0,0.0,0.0,0.0,3.0,0.0,1.0,0.0
Duane Washington Jr.,2021.0,2022.0,2.0,0.0,0.0,1.0,79.0,717.0,119.0,148.0,32.0,7.0,9.1,1.5,1.9,0.4,0.1,0.391,0.371,0.729,0.0,0.0,0.0,0.0,0.0,0.0,0.0,0.0,0.0
Gabe Vincent,2019.0,2023.0,5.0,0.0,0.0,1.0,206.0,1530.0,341.0,471.0,159.0,19.0,7.4,1.7,2.3,0.8,0.1,0.395,0.332,0.847,0.0,0.0,0.0,0.0,0.0,0.0,0.0,0.0,0.0
Shai Gilgeous-Alexander,2018.0,2023.0,6.0,0.0,0.0,1.0,386.0,8810.0,1832.0,1876.0,535.0,293.0,22.8,4.7,4.9,1.4,0.8,0.496,0.349,0.852,0.0,0.0,0.0,2.0,2.0,0.0,0.0,0.0,0.0
Jordan Poole,2019.0,2023.0,5.0,0.0,0.0,1.0,344.0,5551.0,907.0,1249.0,270.0,88.0,16.1,2.6,3.6,0.8,0.3,0.419,0.336,0.878,1.0,0.0,0.0,0.0,0.0,0.0,0.0,0.0,0.0
Chuma Okeke,2020.0,2023.0,4.0,0.0,0.0,1.0,189.0,1189.0,704.0,276.0,173.0,82.0,6.3,3.7,1.5,0.9,0.4,0.383,0.318,0.789,0.0,0.0,0.0,0.0,0.0,0.0,0.0,0.0,0.0
Jalen McDaniels,2019.0,2023.0,5.0,0.0,0.0,1.0,248.0,1699.0,829.0,291.0,164.0,84.0,6.9,3.3,1.2,0.7,0.3,0.449,0.322,0.777,0.0,0.0,0.0,0.0,0.0,0.0,0.0,0.0,0.0
Lindy Waters III,2021.0,2023.0,3.0,0.0,0.0,1.0,104.0,550.0,188.0,76.0,38.0,26.0,5.3,1.8,0.7,0.4,0.2,0.416,0.377,0.815,0.0,0.0,0.0,0.0,0.0,0.0,0.0,0.0,0.0
Cody Zeller,2013.0,2023.0,11.0,0.0,0.0,1.0,552.0,4376.0,3125.0,740.0,332.0,330.0,7.9,5.7,1.3,0.6,0.6,0.52,0.22,0.727,0.0,0.0,0.0,0.0,0.0,0.0,0.0,0.0,0.0
Jordan Miller,2023.0,2023.0,1.0,0.0,0.0,1.0,8.0,13.0,5.0,0.0,0.0,0.0,1.6,0.6,0.0,0.0,0.0,0.556,0.5,1.0,0.0,0.0,0.0,0.0,0.0,0.0,0.0,0.0,0.0
Jordan Hawkins,2023.0,2023.0,1.0,0.0,0.0,1.0,67.0,524.0,148.0,70.0,19.0,7.0,7.8,2.2,1.0,0.3,0.1,0.382,0.366,0.838,0.0,0.0,0.0,0.0,0.0,0.0,0.0,0.0,0.0
Adam Flagler,2023.0,2023.0,1.0,0.0,0.0,1.0,2.0,3.0,0.0,4.0,0.0,0.0,1.5,0.0,2.0,0.0,0.0,0.143,0.167,0.0,0.0,0.0,0.0,0.0,0.0,0.0,0.0,0.0,0.0
Jalen Wilson,2023.0,2023.0,1.0,0.0,0.0,1.0,43.0,214.0,131.0,45.0,11.0,4.0,5.0,3.0,1.0,0.3,0.1,0.425,0.324,0.826,0.0,0.0,0.0,0.0,0.0,0.0,0.0,0.0,0.0
Pat Connaughton,2015.0,2023.0,9.0,0.0,0.0,1.0,554.0,3363.0,1914.0,759.0,274.0,148.0,6.1,3.5,1.4,0.5,0.3,0.436,0.358,0.773,1.0,0.0,0.0,0.0,0.0,0.0,0.0,0.0,0.0
Onuralp Bitim,2023.0,2023.0,1.0,0.0,0.0,1.0,23.0,80.0,32.0,13.0,3.0,2.0,3.5,1.4,0.6,0.1,0.1,0.381,0.273,0.8,0.0,0.0,0.0,0.0,0.0,0.0,0.0,0.0,0.0
Bilal Coulibaly,2023.0,2023.0,1.0,0.0,0.0,1.0,63.0,532.0,256.0,110.0,57.0,48.0,8.4,4.1,1.7,0.9,0.8,0.435,0.346,0.702,0.0,0.0,0.0,0.0,0.0,0.0,0.0,0.0,0.0
Jamaree Bouyea,2022.0,2023.0,2.0,0.0,0.0,1.0,14.0,36.0,25.0,15.0,5.0,2.0,2.6,1.8,1.1,0.4,0.1,0.381,0.2,0.5,0.0,0.0,0.0,0.0,0.0,0.0,0.0,0.0,0.0
Malik Beasley,2016.0,2023.0,8.0,0.0,0.0,1.0,496.0,5402.0,1398.0,650.0,314.0,62.0,10.9,2.8,1.3,0.6,0.1,0.425,0.385,0.8,0.0,0.0,0.0,0.0,0.0,0.0,0.0,0.0,0.0
Miles McBride,2021.0,2023.0,3.0,0.0,0.0,1.0,172.0,873.0,192.0,227.0,101.0,16.0,5.1,1.1,1.3,0.6,0.1,0.404,0.355,0.76,0.0,0.0,0.0,0.0,0.0,0.0,0.0,0.0,0.0
Naji Marshall,2020.0,2023.0,4.0,0.0,0.0,1.0,230.0,1723.0,809.0,467.0,162.0,44.0,7.5,3.5,2.0,0.7,0.2,0.429,0.313,0.776,0.0,0.0,0.0,0.0,0.0,0.0,0.0,0.0,0.0
Vince Williams Jr.,2022.0,2023.0,2.0,0.0,0.0,1.0,67.0,551.0,305.0,179.0,53.0,36.0,8.2,4.6,2.7,0.8,0.5,0.432,0.35,0.803,0.0,0.0,0.0,0.0,0.0,0.0,0.0,0.0,0.0
Onyeka Okongwu,2020.0,2023.0,4.0,0.0,0.0,1.0,233.0,1972.0,1398.0,226.0,136.0,260.0,8.5,6.0,1.0,0.6,1.1,0.64,0.318,0.754,0.0,0.0,0.0,0.0,0.0,0.0,0.0,0.0,0.0
LeBron James,2003.0,2023.0,21.0,0.0,0.0,1.0,1492.0,40474.0,11185.0,11009.0,2275.0,1111.0,27.1,7.5,7.4,1.5,0.7,0.506,0.348,0.736,4.0,4.0,4.0,20.0,20.0,6.0,1.0,0.0,0.0
Brandon Miller,2023.0,2023.0,1.0,0.0,0.0,1.0,74.0,1279.0,315.0,175.0,66.0,42.0,17.3,4.3,2.4,0.9,0.6,0.44,0.373,0.827,0.0,0.0,0.0,0.0,0.0,0.0,0.0,0.0,0.0
Julian Phillips,2023.0,2023.0,1.0,0.0,0.0,1.0,40.0,89.0,36.0,13.0,7.0,7.0,2.2,0.9,0.3,0.2,0.2,0.416,0.316,0.684,0.0,0.0,0.0,0.0,0.0,0.0,0.0,0.0,0.0
P.J. Tucker,2006.0,2023.0,18.0,0.0,0.0,1.0,883.0,5854.0,4770.0,1225.0,942.0,262.0,6.6,5.4,1.4,1.1,0.3,0.425,0.366,0.75,1.0,0.0,0.0,0.0,0.0,0.0,0.0,0.0,0.0
Garrison Mathews,2019.0,2023.0,5.0,0.0,0.0,1.0,267.0,1684.0,466.0,163.0,138.0,45.0,6.3,1.7,0.6,0.5,0.2,0.407,0.381,0.842,0.0,0.0,0.0,0.0,0.0,0.0,0.0,0.0,0.0
Nicolas Batum,2008.0,2023.0,16.0,0.0,0.0,1.0,1053.0,10947.0,5254.0,3464.0,976.0,661.0,10.4,5.0,3.3,0.9,0.6,0.437,0.366,0.832,0.0,0.0,0.0,0.0,0.0,0.0,0.0,0.0,0.0
Trayce Jackson-Davis,2023.0,2023.0,1.0,0.0,0.0,1.0,68.0,540.0,341.0,82.0,29.0,76.0,7.9,5.0,1.2,0.4,1.1,0.702,0.0,0.561,0.0,0.0,0.0,0.0,0.0,0.0,0.0,0.0,0.0
D'Moi Hodge,2023.0,2023.0,1.0,0.0,0.0,1.0,7.0,14.0,0.0,5.0,1.0,1.0,2.0,0.0,0.7,0.1,0.1,0.333,0.25,0.5,0.0,0.0,0.0,0.0,0.0,0.0,0.0,0.0,0.0
Ousmane Dieng,2022.0,2023.0,2.0,0.0,0.0,1.0,72.0,326.0,156.0,83.0,22.0,12.0,4.5,2.2,1.2,0.3,0.2,0.421,0.28,0.744,0.0,0.0,0.0,0.0,0.0,0.0,0.0,0.0,0.0
Sasha Vezenkov,2023.0,2023.0,1.0,0.0,0.0,1.0,42.0,225.0,96.0,19.0,20.0,7.0,5.4,2.3,0.5,0.5,0.2,0.44,0.375,0.8,0.0,0.0,0.0,0.0,0.0,0.0,0.0,0.0,0.0
Andrew Funk,2023.0,2023.0,1.0,0.0,0.0,1.0,5.0,0.0,0.0,0.0,1.0,1.0,0.0,0.0,0.0,0.2,0.2,0.0,0.0,0.0,0.0,0.0,0.0,0.0,0.0,0.0,0.0,0.0,0.0
Jared Rhoden,2022.0,2023.0,2.0,0.0,0.0,1.0,31.0,128.0,70.0,18.0,7.0,14.0,4.1,2.3,0.6,0.2,0.5,0.455,0.333,0.786,0.0,0.0,0.0,0.0,0.0,0.0,0.0,0.0,0.0
Jaren Jackson Jr.,2018.0,2023.0,6.0,0.0,0.0,1.0,333.0,5877.0,1841.0,454.0,322.0,664.0,17.6,5.5,1.4,1.0,2.0,0.46,0.345,0.795,0.0,0.0,0.0,0.0,1.0,2.0,0.0,1.0,0.0
Brice Sensabaugh,2023.0,2023.0,1.0,0.0,0.0,1.0,32.0,241.0,102.0,55.0,13.0,6.0,7.5,3.2,1.7,0.4,0.2,0.39,0.296,0.902,0.0,0.0,0.0,0.0,0.0,0.0,0.0,0.0,0.0
Davis Bertans,2016.0,2023.0,8.0,0.0,0.0,1.0,475.0,3661.0,1159.0,448.0,205.0,167.0,7.7,2.4,0.9,0.4,0.4,0.422,0.396,0.863,0.0,0.0,0.0,0.0,0.0,0.0,0.0,0.0,0.0
Austin Reaves,2021.0,2023.0,3.0,0.0,0.0,1.0,207.0,2577.0,738.0,775.0,128.0,64.0,12.4,3.6,3.7,0.6,0.3,0.493,0.365,0.855,0.0,0.0,0.0,0.0,0.0,0.0,0.0,0.0,0.0
Russell Westbrook,2008.0,2023.0,16.0,0.0,0.0,1.0,1162.0,25211.0,8307.0,9468.0,1849.0,369.0,21.7,7.1,8.1,1.6,0.3,0.438,0.304,0.776,0.0,0.0,1.0,9.0,9.0,0.0,0.0,0.0,0.0
Jae'Sean Tate,2020.0,2023.0,4.0,0.0,0.0,1.0,244.0,2261.0,1109.0,548.0,220.0,99.0,9.3,4.5,2.2,0.9,0.4,0.495,0.306,0.702,0.0,0.0,0.0,0.0,0.0,0.0,0.0,0.0,0.0
Justin Champagnie,2021.0,2023.0,3.0,0.0,0.0,1.0,56.0,181.0,133.0,34.0,19.0,13.0,3.2,2.4,0.6,0.3,0.2,0.425,0.308,0.875,0.0,0.0,0.0,0.0,0.0,0.0,0.0,0.0,0.0
Jarred Vanderbilt,2018.0,2023.0,6.0,0.0,0.0,1.0,273.0,1661.0,1744.0,395.0,291.0,120.0,6.1,6.4,1.4,1.1,0.4,0.568,0.29,0.645,0.0,0.0,0.0,0.0,0.0,0.0,0.0,0.0,0.0
Christian Wood,2015.0,2023.0,9.0,0.0,0.0,1.0,339.0,4617.0,2366.0,469.0,183.0,295.0,13.6,7.0,1.4,0.5,0.9,0.514,0.372,0.694,0.0,0.0,0.0,0.0,0.0,0.0,0.0,0.0,0.0
Donte DiVincenzo,2018.0,2023.0,6.0,0.0,0.0,1.0,354.0,3746.0,1555.0,974.0,422.0,95.0,10.6,4.4,2.8,1.2,0.3,0.428,0.376,0.771,1.0,0.0,0.0,0.0,0.0,0.0,0.0,0.0,0.0
Devonte' Graham,2018.0,2023.0,6.0,0.0,0.0,1.0,336.0,3733.0,758.0,1448.0,258.0,53.0,11.1,2.3,4.3,0.8,0.2,0.371,0.354,0.812,0.0,0.0,0.0,0.0,0.0,0.0,0.0,0.0,0.0
Drew Eubanks,2018.0,2023.0,6.0,0.0,0.0,1.0,323.0,1902.0,1482.0,315.0,123.0,274.0,5.9,4.6,1.0,0.4,0.8,0.606,0.383,0.734,0.0,0.0,0.0,0.0,0.0,0.0,0.0,0.0,0.0
Isaiah Mobley,2022.0,2023.0,2.0,0.0,0.0,1.0,22.0,54.0,30.0,9.0,6.0,3.0,2.5,1.4,0.4,0.3,0.1,0.423,0.333,0.8,0.0,0.0,0.0,0.0,0.0,0.0,0.0,0.0,0.0
Santi Aldama,2021.0,2023.0,3.0,0.0,0.0,1.0,170.0,1482.0,810.0,256.0,94.0,112.0,8.7,4.8,1.5,0.6,0.7,0.447,0.333,0.692,0.0,0.0,0.0,0.0,0.0,0.0,0.0,0.0,0.0
Yuta Watanabe,2018.0,2023.0,6.0,0.0,0.0,1.0,213.0,895.0,497.0,137.0,83.0,61.0,4.2,2.3,0.6,0.4,0.3,0.426,0.37,0.675,0.0,0.0,0.0,0.0,0.0,0.0,0.0,0.0,0.0
Ricky Council IV,2023.0,2023.0,1.0,0.0,0.0,1.0,32.0,173.0,46.0,16.0,8.0,1.0,5.4,1.4,0.5,0.2,0.0,0.482,0.375,0.746,0.0,0.0,0.0,0.0,0.0,0.0,0.0,0.0,0.0
Chris Duarte,2021.0,2023.0,3.0,0.0,0.0,1.0,160.0,1312.0,447.0,222.0,109.0,27.0,8.2,2.8,1.4,0.7,0.2,0.405,0.347,0.816,0.0,0.0,0.0,0.0,0.0,0.0,0.0,0.0,0.0
Damion Lee,2017.0,2022.0,6.0,0.0,0.0,1.0,290.0,2384.0,982.0,410.0,189.0,28.0,8.2,3.4,1.4,0.7,0.1,0.436,0.379,0.878,1.0,0.0,0.0,0.0,0.0,0.0,0.0,0.0,0.0
Goga Bitadze,2019.0,2023.0,5.0,0.0,0.0,1.0,249.0,1230.0,856.0,233.0,88.0,237.0,4.9,3.4,0.9,0.4,1.0,0.515,0.245,0.672,0.0,0.0,0.0,0.0,0.0,0.0,0.0,0.0,0.0
Dwight Powell,2014.0,2023.0,10.0,0.0,0.0,1.0,650.0,4640.0,2877.0,677.0,398.0,288.0,7.1,4.4,1.0,0.6,0.4,0.602,0.293,0.739,0.0,0.0,0.0,0.0,0.0,0.0,0.0,0.0,0.0
Patrick Baldwin Jr.,2022.0,2023.0,2.0,0.0,0.0,1.0,69.0,290.0,163.0,40.0,24.0,19.0,4.2,2.4,0.6,0.3,0.3,0.386,0.348,0.676,0.0,0.0,0.0,0.0,0.0,0.0,0.0,0.0,0.0
Nate Williams,1971.0,1978.0,8.0,1.0,0.0,0.0,642.0,7709.0,2469.0,963.0,0.0,0.0,12.0,3.8,1.5,0.0,0.0,0.458,0.0,0.805,0.0,0.0,0.0,0.0,0.0,0.0,0.0,0.0,0.0
Royce O'Neale,2017.0,2023.0,7.0,0.0,0.0,1.0,525.0,3564.0,2524.0,1273.0,416.0,229.0,6.8,4.8,2.4,0.8,0.4,0.426,0.381,0.773,0.0,0.0,0.0,0.0,0.0,0.0,0.0,0.0,0.0
De'Anthony Melton,2018.0,2023.0,6.0,0.0,0.0,1.0,350.0,3169.0,1296.0,971.0,495.0,170.0,9.1,3.7,2.8,1.4,0.5,0.41,0.369,0.782,0.0,0.0,0.0,0.0,0.0,0.0,0.0,0.0,0.0
Dorian Finney-Smith,2016.0,2023.0,8.0,0.0,0.0,1.0,528.0,4360.0,2425.0,761.0,427.0,242.0,8.3,4.6,1.4,0.8,0.5,0.435,0.355,0.723,0.0,0.0,0.0,0.0,0.0,0.0,0.0,0.0,0.0
John Konchar,2019.0,2023.0,5.0,0.0,0.0,1.0,261.0,1186.0,1071.0,388.0,210.0,110.0,4.5,4.1,1.5,0.8,0.4,0.47,0.36,0.718,0.0,0.0,0.0,0.0,0.0,0.0,0.0,0.0,0.0
Kevon Looney,2015.0,2023.0,9.0,0.0,0.0,1.0,523.0,2633.0,2929.0,838.0,258.0,285.0,5.0,5.6,1.6,0.5,0.5,0.583,0.167,0.615,2.0,0.0,0.0,0.0,0.0,0.0,0.0,0.0,0.0
Kawhi Leonard,2011.0,2023.0,13.0,0.0,0.0,1.0,696.0,13937.0,4443.0,2120.0,1196.0,454.0,20.0,6.4,3.0,1.7,0.7,0.499,0.391,0.862,2.0,2.0,0.0,6.0,6.0,7.0,0.0,2.0,0.0
Georges Niang,2016.0,2023.0,8.0,0.0,0.0,1.0,465.0,3262.0,1082.0,423.0,148.0,64.0,7.0,2.3,0.9,0.3,0.1,0.441,0.397,0.866,0.0,0.0,0.0,0.0,0.0,0.0,0.0,0.0,0.0
Stephen Curry,2009.0,2023.0,15.0,0.0,0.0,1.0,956.0,23668.0,4509.0,6119.0,1473.0,235.0,24.8,4.7,6.4,1.5,0.2,0.473,0.426,0.91,4.0,1.0,2.0,10.0,10.0,0.0,0.0,0.0,0.0
Andrew Nembhard,2022.0,2023.0,2.0,0.0,0.0,1.0,143.0,1335.0,340.0,621.0,133.0,19.0,9.3,2.4,4.3,0.9,0.1,0.467,0.353,0.797,0.0,0.0,0.0,0.0,0.0,0.0,0.0,0.0,0.0
Xavier Tillman,2020.0,2023.0,4.0,0.0,0.0,1.0,227.0,1355.0,935.0,310.0,202.0,121.0,6.0,4.1,1.4,0.9,0.5,0.522,0.267,0.574,1.0,0.0,0.0,0.0,0.0,0.0,0.0,0.0,0.0
Gradey Dick,2023.0,2023.0,1.0,0.0,0.0,1.0,60.0,510.0,132.0,68.0,34.0,2.0,8.5,2.2,1.1,0.6,0.0,0.425,0.365,0.863,0.0,0.0,0.0,0.0,0.0,0.0,0.0,0.0,0.0
Moses Brown,2019.0,2023.0,5.0,0.0,0.0,1.0,150.0,782.0,757.0,23.0,48.0,85.0,5.2,5.0,0.2,0.3,0.6,0.563,0.0,0.537,0.0,0.0,0.0,0.0,0.0,0.0,0.0,0.0,0.0
Olivier Sarr,2021.0,2023.0,3.0,0.0,0.0,1.0,46.0,223.0,160.0,25.0,7.0,27.0,4.8,3.5,0.5,0.2,0.6,0.56,0.372,0.765,0.0,0.0,0.0,0.0,0.0,0.0,0.0,0.0,0.0
Cameron Johnson,2019.0,2023.0,5.0,0.0,0.0,1.0,283.0,3325.0,1095.0,470.0,229.0,81.0,11.7,3.9,1.7,0.8,0.3,0.447,0.392,0.83,0.0,0.0,0.0,0.0,0.0,0.0,0.0,0.0,0.0
Danny Green,2009.0,2023.0,15.0,0.0,0.0,1.0,832.0,7204.0,2827.0,1277.0,853.0,634.0,8.7,3.4,1.5,1.0,0.8,0.421,0.4,0.805,3.0,0.0,0.0,0.0,0.0,1.0,0.0,0.0,0.0
Marvin Bagley III,2018.0,2023.0,6.0,0.0,0.0,1.0,258.0,3343.0,1805.0,242.0,121.0,173.0,13.0,7.0,0.9,0.5,0.7,0.518,0.296,0.692,0.0,0.0,0.0,0.0,0.0,0.0,0.0,0.0,0.0
Jalen Williams,2022.0,2023.0,2.0,0.0,0.0,1.0,146.0,2411.0,619.0,570.0,183.0,80.0,16.5,4.2,3.9,1.3,0.5,0.532,0.395,0.813,0.0,0.0,0.0,0.0,0.0,0.0,0.0,0.0,0.0
Javon Freeman-Liberty,2023.0,2023.0,1.0,0.0,0.0,1.0,22.0,153.0,70.0,40.0,10.0,4.0,7.0,3.2,1.8,0.5,0.2,0.444,0.238,0.917,0.0,0.0,0.0,0.0,0.0,0.0,0.0,0.0,0.0
Jordan Walsh,2023.0,2023.0,1.0,0.0,0.0,1.0,9.0,15.0,20.0,5.0,5.0,1.0,1.7,2.2,0.6,0.6,0.1,0.4,0.222,0.5,1.0,0.0,0.0,0.0,0.0,0.0,0.0,0.0,0.0
Aaron Holiday,2018.0,2023.0,6.0,0.0,0.0,1.0,386.0,2557.0,631.0,817.0,243.0,69.0,6.6,1.6,2.1,0.6,0.2,0.419,0.38,0.854,0.0,0.0,0.0,0.0,0.0,0.0,0.0,0.0,0.0
Olivier-Maxence Prosper,2023.0,2023.0,1.0,0.0,0.0,1.0,40.0,121.0,79.0,22.0,7.0,4.0,3.0,2.0,0.6,0.2,0.1,0.385,0.289,0.683,0.0,0.0,0.0,0.0,0.0,0.0,0.0,0.0,0.0
Chris Boucher,2017.0,2023.0,7.0,0.0,0.0,1.0,357.0,3110.0,1860.0,168.0,173.0,359.0,8.7,5.2,0.5,0.5,1.0,0.488,0.333,0.779,1.0,0.0,0.0,0.0,0.0,0.0,0.0,0.0,0.0
Markquis Nowell,2023.0,2023.0,1.0,0.0,0.0,1.0,1.0,2.0,2.0,2.0,1.0,0.0,2.0,2.0,2.0,1.0,0.0,0.0,0.0,1.0,0.0,0.0,0.0,0.0,0.0,0.0,0.0,0.0,0.0
Taj Gibson,2009.0,2023.0,15.0,0.0,0.0,1.0,965.0,8290.0,5607.0,925.0,521.0,946.0,8.6,5.8,1.0,0.5,1.0,0.517,0.263,0.713,0.0,0.0,0.0,0.0,0.0,0.0,0.0,0.0,0.0
Kenneth Lofton Jr.,2022.0,2023.0,2.0,0.0,0.0,1.0,45.0,216.0,89.0,53.0,11.0,7.0,4.8,2.0,1.2,0.2,0.2,0.497,0.317,0.623,0.0,0.0,0.0,0.0,0.0,0.0,0.0,0.0,0.0
Amari Bailey,2023.0,2023.0,1.0,0.0,0.0,1.0,10.0,23.0,9.0,7.0,3.0,0.0,2.3,0.9,0.7,0.3,0.0,0.333,0.125,0.857,0.0,0.0,0.0,0.0,0.0,0.0,0.0,0.0,0.0
Duncan Robinson,2018.0,2023.0,6.0,0.0,0.0,1.0,349.0,3981.0,946.0,601.0,185.0,69.0,11.4,2.7,1.7,0.5,0.2,0.433,0.398,0.872,0.0,0.0,0.0,0.0,0.0,0.0,0.0,0.0,0.0
Toumani Camara,2023.0,2023.0,1.0,0.0,0.0,1.0,70.0,527.0,343.0,87.0,66.0,33.0,7.5,4.9,1.2,0.9,0.5,0.45,0.337,0.758,0.0,0.0,0.0,0.0,0.0,0.0,0.0,0.0,0.0
Cole Anthony,2020.0,2023.0,4.0,0.0,0.0,1.0,253.0,3385.0,1168.0,1032.0,177.0,103.0,13.4,4.6,4.1,0.7,0.4,0.418,0.343,0.851,0.0,0.0,0.0,0.0,0.0,0.0,0.0,0.0,0.0
R.J. Hampton,2020.0,2023.0,4.0,0.0,0.0,1.0,170.0,1155.0,466.0,307.0,90.0,32.0,6.8,2.7,1.8,0.5,0.2,0.408,0.338,0.679,0.0,0.0,0.0,0.0,0.0,0.0,0.0,0.0,0.0
Isaiah Stewart,2020.0,2023.0,4.0,0.0,0.0,1.0,235.0,2196.0,1778.0,284.0,98.0,236.0,9.3,7.6,1.2,0.4,1.0,0.498,0.348,0.727,0.0,0.0,0.0,0.0,0.0,0.0,0.0,0.0,0.0
Nikola Jokic,2015.0,2023.0,9.0,0.0,0.0,1.0,675.0,14139.0,7249.0,4667.0,822.0,491.0,20.9,10.7,6.9,1.2,0.7,0.557,0.35,0.827,1.0,1.0,3.0,6.0,6.0,0.0,0.0,0.0,0.0
Quentin Grimes,2021.0,2023.0,3.0,0.0,0.0,1.0,168.0,1433.0,423.0,260.0,113.0,44.0,8.5,2.5,1.5,0.7,0.3,0.428,0.371,0.772,0.0,0.0,0.0,0.0,0.0,0.0,0.0,0.0,0.0
Saben Lee,2020.0,2023.0,4.0,0.0,0.0,1.0,134.0,697.0,260.0,378.0,94.0,29.0,5.2,1.9,2.8,0.7,0.2,0.421,0.271,0.734,0.0,0.0,0.0,0.0,0.0,0.0,0.0,0.0,0.0
Lester Quinones,2022.0,2023.0,2.0,0.0,0.0,1.0,41.0,174.0,75.0,38.0,7.0,2.0,4.2,1.8,0.9,0.2,0.0,0.397,0.37,0.686,0.0,0.0,0.0,0.0,0.0,0.0,0.0,0.0,0.0
Terquavion Smith,2023.0,2023.0,1.0,0.0,0.0,1.0,16.0,52.0,4.0,12.0,8.0,0.0,3.2,0.2,0.8,0.5,0.0,0.391,0.371,0.6,0.0,0.0,0.0,0.0,0.0,0.0,0.0,0.0,0.0
Jayson Tatum,2017.0,2023.0,7.0,0.0,0.0,1.0,513.0,11852.0,3670.0,1812.0,563.0,346.0,23.1,7.2,3.5,1.1,0.7,0.46,0.375,0.844,1.0,0.0,0.0,4.0,5.0,0.0,0.0,0.0,0.0
Klay Thompson,2011.0,2023.0,13.0,0.0,0.0,1.0,793.0,15531.0,2795.0,1843.0,676.0,413.0,19.6,3.5,2.3,0.9,0.5,0.453,0.413,0.858,4.0,0.0,0.0,2.0,5.0,1.0,0.0,0.0,0.0
Joel Embiid,2016.0,2023.0,8.0,0.0,0.0,1.0,433.0,12071.0,4832.0,1573.0,397.0,720.0,27.9,11.2,3.6,0.9,1.7,0.504,0.341,0.826,0.0,0.0,1.0,5.0,7.0,3.0,0.0,0.0,0.0
Luke Kennard,2017.0,2023.0,7.0,0.0,0.0,1.0,395.0,3941.0,1118.0,830.0,199.0,51.0,10.0,2.8,2.1,0.5,0.1,0.454,0.439,0.879,0.0,0.0,0.0,0.0,0.0,0.0,0.0,0.0,0.0
Luka Garza,2021.0,2023.0,3.0,0.0,0.0,1.0,85.0,466.0,194.0,42.0,16.0,9.0,5.5,2.3,0.5,0.2,0.1,0.488,0.325,0.703,0.0,0.0,0.0,0.0,0.0,0.0,0.0,0.0,0.0
Ryan Arcidiacono,2017.0,2023.0,7.0,0.0,0.0,1.0,257.0,1031.0,452.0,487.0,122.0,7.0,4.0,1.8,1.9,0.5,0.0,0.421,0.369,0.807,0.0,0.0,0.0,0.0,0.0,0.0,0.0,0.0,0.0
Lamar Stevens,2020.0,2023.0,4.0,0.0,0.0,1.0,203.0,1148.0,594.0,130.0,98.0,72.0,5.7,2.9,0.6,0.5,0.4,0.463,0.286,0.726,0.0,0.0,0.0,0.0,0.0,0.0,0.0,0.0,0.0
Desmond Bane,2020.0,2023.0,4.0,0.0,0.0,1.0,244.0,4253.0,1020.0,810.0,232.0,89.0,17.4,4.2,3.3,1.0,0.4,0.468,0.415,0.879,0.0,0.0,0.0,0.0,0.0,0.0,0.0,0.0,0.0
Mason Plumlee,2013.0,2023.0,11.0,0.0,0.0,1.0,786.0,6585.0,5312.0,1911.0,563.0,656.0,8.4,6.8,2.4,0.7,0.8,0.594,0.043,0.573,0.0,0.0,0.0,0.0,0.0,0.0,0.0,0.0,0.0
Cedi Osman,2017.0,2023.0,7.0,0.0,0.0,1.0,476.0,4427.0,1411.0,933.0,312.0,71.0,9.3,3.0,2.0,0.7,0.1,0.432,0.357,0.711,0.0,0.0,0.0,0.0,0.0,0.0,0.0,0.0,0.0
Kobi Simmons,2017.0,2023.0,7.0,0.0,0.0,1.0,42.0,221.0,61.0,85.0,24.0,9.0,5.3,1.5,2.0,0.6,0.2,0.417,0.269,1.0,0.0,0.0,0.0,0.0,0.0,0.0,0.0,0.0,0.0
Dru Smith,2022.0,2023.0,2.0,0.0,0.0,1.0,24.0,83.0,38.0,36.0,19.0,7.0,3.5,1.6,1.5,0.8,0.3,0.423,0.333,1.0,0.0,0.0,0.0,0.0,0.0,0.0,0.0,0.0,0.0
Jared Butler,2021.0,2023.0,3.0,0.0,0.0,1.0,88.0,449.0,107.0,197.0,51.0,16.0,5.1,1.2,2.2,0.6,0.2,0.453,0.328,0.808,0.0,0.0,0.0,0.0,0.0,0.0,0.0,0.0,0.0
Kendall Brown,2022.0,2023.0,2.0,0.0,0.0,1.0,21.0,30.0,11.0,8.0,4.0,0.0,1.4,0.5,0.4,0.2,0.0,0.545,0.0,0.6,0.0,0.0,0.0,0.0,0.0,0.0,0.0,0.0,0.0
Dereon Seabron,2022.0,2023.0,2.0,0.0,0.0,1.0,11.0,18.0,8.0,5.0,2.0,1.0,1.6,0.7,0.5,0.2,0.1,0.333,0.5,0.833,0.0,0.0,0.0,0.0,0.0,0.0,0.0,0.0,0.0
Jerome Robinson,2018.0,2023.0,6.0,0.0,0.0,1.0,135.0,545.0,214.0,136.0,52.0,29.0,4.0,1.6,1.0,0.4,0.2,0.361,0.297,0.711,0.0,0.0,0.0,0.0,0.0,0.0,0.0,0.0,0.0
Shake Milton,2018.0,2023.0,6.0,0.0,0.0,1.0,302.0,2584.0,679.0,754.0,139.0,69.0,8.6,2.2,2.5,0.5,0.2,0.451,0.358,0.827,0.0,0.0,0.0,0.0,0.0,0.0,0.0,0.0,0.0
Jusuf Nurkic,2014.0,2023.0,10.0,0.0,0.0,1.0,539.0,6538.0,4821.0,1353.0,496.0,613.0,12.1,8.9,2.5,0.9,1.1,0.503,0.28,0.667,0.0,0.0,0.0,0.0,0.0,0.0,0.0,0.0,0.0
D.J. Wilson,2017.0,2023.0,7.0,0.0,0.0,1.0,148.0,657.0,454.0,110.0,40.0,45.0,4.4,3.1,0.7,0.3,0.3,0.422,0.331,0.618,0.0,0.0,0.0,0.0,0.0,0.0,0.0,0.0,0.0
Aaron Nesmith,2020.0,2023.0,4.0,0.0,0.0,1.0,243.0,2029.0,768.0,251.0,155.0,97.0,8.3,3.2,1.0,0.6,0.4,0.452,0.374,0.808,0.0,0.0,0.0,0.0,0.0,0.0,0.0,0.0,0.0
Cam Reddish,2019.0,2023.0,5.0,0.0,0.0,1.0,221.0,2046.0,612.0,275.0,228.0,80.0,9.3,2.8,1.2,1.0,0.4,0.398,0.324,0.833,0.0,0.0,0.0,0.0,0.0,0.0,0.0,0.0,0.0
Josh Giddey,2021.0,2023.0,3.0,0.0,0.0,1.0,210.0,2920.0,1534.0,1200.0,159.0,95.0,13.9,7.3,5.7,0.8,0.5,0.464,0.31,0.753,0.0,0.0,0.0,0.0,0.0,0.0,0.0,0.0,0.0
Luguentz Dort,2019.0,2023.0,5.0,0.0,0.0,1.0,292.0,3723.0,1110.0,470.0,269.0,111.0,12.8,3.8,1.6,0.9,0.4,0.403,0.347,0.794,0.0,0.0,0.0,0.0,0.0,0.0,0.0,0.0,0.0
Theo Maledon,2020.0,2023.0,4.0,0.0,0.0,1.0,177.0,1373.0,489.0,518.0,131.0,34.0,7.8,2.8,2.9,0.7,0.2,0.372,0.31,0.793,0.0,0.0,0.0,0.0,0.0,0.0,0.0,0.0,0.0
Alec Burks,2011.0,2023.0,13.0,0.0,0.0,1.0,742.0,7990.0,2518.0,1466.0,504.0,152.0,10.8,3.4,2.0,0.7,0.2,0.415,0.383,0.806,0.0,0.0,0.0,0.0,0.0,0.0,0.0,0.0,0.0
Ish Smith,2010.0,2023.0,14.0,0.0,0.0,1.0,805.0,5712.0,1920.0,3044.0,543.0,197.0,7.1,2.4,3.8,0.7,0.2,0.429,0.325,0.676,1.0,0.0,0.0,0.0,0.0,0.0,0.0,0.0,0.0
Derrick Rose,2008.0,2023.0,16.0,0.0,0.0,1.0,723.0,12573.0,2324.0,3770.0,536.0,242.0,17.4,3.2,5.2,0.7,0.3,0.456,0.316,0.831,0.0,0.0,1.0,1.0,3.0,0.0,1.0,0.0,0.0
Markelle Fultz,2017.0,2023.0,7.0,0.0,0.0,1.0,234.0,2595.0,797.0,1084.0,276.0,68.0,11.1,3.4,4.6,1.2,0.3,0.472,0.274,0.731,0.0,0.0,0.0,0.0,0.0,0.0,0.0,0.0,0.0
Anfernee Simons,2018.0,2023.0,6.0,0.0,0.0,1.0,319.0,4489.0,784.0,928.0,140.0,43.0,14.1,2.5,2.9,0.4,0.1,0.432,0.386,0.873,0.0,0.0,0.0,0.0,0.0,0.0,0.0,0.0,0.0
Alex Caruso,2017.0,2023.0,7.0,0.0,0.0,1.0,363.0,2475.0,1042.0,1041.0,470.0,183.0,6.8,2.9,2.9,1.3,0.5,0.44,0.38,0.751,1.0,0.0,0.0,0.0,0.0,2.0,0.0,0.0,0.0
Brook Lopez,2008.0,2023.0,16.0,0.0,0.0,1.0,1025.0,16476.0,6336.0,1471.0,583.0,1912.0,16.1,6.2,1.4,0.6,1.9,0.496,0.349,0.796,1.0,0.0,0.0,0.0,1.0,2.0,0.0,0.0,0.0
Zach LaVine,2014.0,2023.0,10.0,0.0,0.0,1.0,580.0,11866.0,2350.0,2285.0,513.0,171.0,20.5,4.1,3.9,0.9,0.3,0.464,0.382,0.834,0.0,0.0,0.0,0.0,2.0,0.0,0.0,0.0,0.0
Lindell Wigginton,2021.0,2023.0,3.0,0.0,0.0,1.0,29.0,136.0,32.0,37.0,5.0,3.0,4.7,1.1,1.3,0.2,0.1,0.447,0.326,0.63,0.0,0.0,0.0,0.0,0.0,0.0,0.0,0.0,0.0
Bismack Biyombo,2011.0,2023.0,13.0,0.0,0.0,1.0,839.0,4251.0,4951.0,551.0,217.0,1077.0,5.1,5.9,0.7,0.3,1.3,0.535,0.0,0.553,0.0,0.0,0.0,0.0,0.0,0.0,0.0,0.0,0.0
Colby Jones,2023.0,2023.0,1.0,0.0,0.0,1.0,30.0,64.0,40.0,20.0,7.0,5.0,2.1,1.3,0.7,0.2,0.2,0.394,0.091,0.545,0.0,0.0,0.0,0.0,0.0,0.0,0.0,0.0,0.0
Joe Ingles,2014.0,2023.0,10.0,0.0,0.0,1.0,704.0,5707.0,2184.0,2566.0,620.0,101.0,8.1,3.1,3.6,0.9,0.1,0.448,0.41,0.774,0.0,0.0,0.0,0.0,0.0,0.0,0.0,0.0,0.0
Dominick Barlow,2022.0,2023.0,2.0,0.0,0.0,1.0,61.0,254.0,215.0,60.0,22.0,33.0,4.2,3.5,1.0,0.4,0.5,0.513,0.231,0.701,0.0,0.0,0.0,0.0,0.0,0.0,0.0,0.0,0.0
D'Angelo Russell,2015.0,2023.0,9.0,0.0,0.0,1.0,571.0,10136.0,1954.0,3289.0,610.0,184.0,17.8,3.4,5.8,1.1,0.3,0.43,0.369,0.792,0.0,0.0,0.0,0.0,1.0,0.0,0.0,0.0,0.0
Pete Nance,2023.0,2023.0,1.0,0.0,0.0,1.0,8.0,3.0,3.0,0.0,1.0,0.0,0.4,0.4,0.0,0.1,0.0,0.167,1.0,0.0,0.0,0.0,0.0,0.0,0.0,0.0,0.0,0.0,0.0
Delon Wright,2015.0,2023.0,9.0,0.0,0.0,1.0,508.0,3531.0,1584.0,1559.0,620.0,176.0,7.0,3.1,3.1,1.2,0.3,0.451,0.354,0.806,0.0,0.0,0.0,0.0,0.0,0.0,0.0,0.0,0.0
CJ McCollum,2013.0,2023.0,11.0,0.0,0.0,1.0,731.0,14231.0,2655.0,2778.0,658.0,302.0,19.5,3.6,3.8,0.9,0.4,0.454,0.399,0.806,0.0,0.0,0.0,0.0,0.0,0.0,0.0,0.0,0.0
Paul George,2010.0,2023.0,14.0,0.0,0.0,1.0,867.0,18032.0,5465.0,3191.0,1464.0,381.0,20.8,6.3,3.7,1.7,0.4,0.44,0.385,0.854,0.0,0.0,0.0,6.0,9.0,4.0,0.0,0.0,0.0
DaQuan Jeffries,2019.0,2023.0,5.0,0.0,0.0,1.0,64.0,193.0,96.0,35.0,19.0,12.0,3.0,1.5,0.5,0.3,0.2,0.43,0.281,0.75,0.0,0.0,0.0,0.0,0.0,0.0,0.0,0.0,0.0
Ish Wainright,2021.0,2023.0,3.0,0.0,0.0,1.0,116.0,382.0,207.0,69.0,62.0,29.0,3.3,1.8,0.6,0.5,0.2,0.372,0.329,0.778,0.0,0.0,0.0,0.0,0.0,0.0,0.0,0.0,0.0
Tyrese Haliburton,2020.0,2023.0,4.0,0.0,0.0,1.0,260.0,4483.0,960.0,2274.0,385.0,150.0,17.2,3.7,8.7,1.5,0.6,0.478,0.393,0.856,0.0,0.0,0.0,1.0,2.0,0.0,0.0,0.0,0.0
Jabari Smith Jr.,2022.0,2023.0,2.0,0.0,0.0,1.0,155.0,2054.0,1185.0,222.0,95.0,135.0,13.3,7.6,1.4,0.6,0.9,0.43,0.335,0.798,0.0,0.0,0.0,0.0,0.0,0.0,0.0,0.0,0.0
Isaiah Jackson,2021.0,2023.0,3.0,0.0,0.0,1.0,159.0,1135.0,669.0,111.0,90.0,206.0,7.1,4.2,0.7,0.6,1.3,0.594,0.206,0.679,0.0,0.0,0.0,0.0,0.0,0.0,0.0,0.0,0.0
Kobe Brown,2023.0,2023.0,1.0,0.0,0.0,1.0,44.0,89.0,62.0,25.0,12.0,6.0,2.0,1.4,0.6,0.3,0.1,0.411,0.292,0.5,0.0,0.0,0.0,0.0,0.0,0.0,0.0,0.0,0.0
Tobias Harris,2011.0,2023.0,13.0,0.0,0.0,1.0,897.0,14602.0,5537.0,2131.0,695.0,482.0,16.3,6.2,2.4,0.8,0.5,0.478,0.368,0.835,0.0,0.0,0.0,0.0,0.0,0.0,0.0,0.0,0.0
Kyrie Irving,2011.0,2023.0,13.0,0.0,0.0,1.0,729.0,17199.0,2933.0,4134.0,956.0,314.0,23.6,4.0,5.7,1.3,0.4,0.474,0.393,0.886,1.0,0.0,0.0,3.0,8.0,0.0,1.0,0.0,0.0
Jalen Brunson,2018.0,2023.0,6.0,0.0,0.0,1.0,422.0,7131.0,1362.0,1974.0,291.0,40.0,16.9,3.2,4.7,0.7,0.1,0.489,0.391,0.824,0.0,0.0,0.0,1.0,1.0,0.0,0.0,0.0,0.0
Zavier Simpson,2021.0,2023.0,3.0,0.0,0.0,1.0,11.0,86.0,41.0,55.0,12.0,7.0,7.8,3.7,5.0,1.1,0.6,0.34,0.24,0.889,0.0,0.0,0.0,0.0,0.0,0.0,0.0,0.0,0.0
Armoni Brooks,2020.0,2023.0,4.0,0.0,0.0,1.0,84.0,553.0,189.0,97.0,41.0,17.0,6.6,2.2,1.2,0.5,0.2,0.362,0.331,0.743,0.0,0.0,0.0,0.0,0.0,0.0,0.0,0.0,0.0
Gary Harris,2014.0,2023.0,10.0,0.0,0.0,1.0,570.0,6295.0,1351.0,1111.0,641.0,127.0,11.0,2.4,1.9,1.1,0.2,0.447,0.37,0.812,0.0,0.0,0.0,0.0,0.0,0.0,0.0,0.0,0.0
Jeremy Sochan,2022.0,2023.0,2.0,0.0,0.0,1.0,130.0,1475.0,771.0,391.0,105.0,63.0,11.3,5.9,3.0,0.8,0.5,0.444,0.285,0.738,0.0,0.0,0.0,0.0,0.0,0.0,0.0,0.0,0.0
Isaiah Thomas,2011.0,2023.0,13.0,0.0,0.0,1.0,556.0,9723.0,1320.0,2641.0,472.0,61.0,17.5,2.4,4.8,0.8,0.1,0.434,0.362,0.872,0.0,0.0,0.0,1.0,2.0,0.0,0.0,0.0,0.0
RJ Barrett,2019.0,2023.0,5.0,0.0,0.0,1.0,329.0,6070.0,1784.0,962.0,213.0,90.0,18.4,5.4,2.9,0.6,0.3,0.435,0.346,0.71,0.0,0.0,0.0,0.0,0.0,0.0,0.0,0.0,0.0
Ziaire Williams,2021.0,2023.0,3.0,0.0,0.0,1.0,150.0,1131.0,388.0,175.0,85.0,27.0,7.5,2.6,1.2,0.6,0.2,0.426,0.301,0.803,0.0,0.0,0.0,0.0,0.0,0.0,0.0,0.0,0.0
Kessler Edwards,2021.0,2023.0,3.0,0.0,0.0,1.0,138.0,477.0,275.0,69.0,53.0,34.0,3.5,2.0,0.5,0.4,0.2,0.407,0.35,0.744,0.0,0.0,0.0,0.0,0.0,0.0,0.0,0.0,0.0
Braxton Key,2021.0,2023.0,3.0,0.0,0.0,1.0,34.0,105.0,69.0,20.0,12.0,12.0,3.1,2.0,0.6,0.4,0.4,0.456,0.308,0.652,0.0,0.0,0.0,0.0,0.0,0.0,0.0,0.0,0.0
Steven Adams,2013.0,2022.0,10.0,0.0,0.0,1.0,706.0,6518.0,5788.0,1079.0,624.0,675.0,9.2,8.2,1.5,0.9,1.0,0.587,0.067,0.536,0.0,0.0,0.0,0.0,0.0,0.0,0.0,0.0,0.0
Duop Reath,2023.0,2023.0,1.0,0.0,0.0,1.0,68.0,617.0,250.0,67.0,33.0,38.0,9.1,3.7,1.0,0.5,0.6,0.461,0.359,0.742,0.0,0.0,0.0,0.0,0.0,0.0,0.0,0.0,0.0
Jerami Grant,2014.0,2023.0,10.0,0.0,0.0,1.0,672.0,8751.0,2663.0,1049.0,444.0,702.0,13.0,4.0,1.6,0.7,1.0,0.455,0.364,0.746,0.0,0.0,0.0,0.0,0.0,0.0,0.0,0.0,0.0
LaMelo Ball,2020.0,2023.0,4.0,0.0,0.0,1.0,184.0,3675.0,1147.0,1364.0,286.0,63.0,20.0,6.2,7.4,1.6,0.3,0.427,0.374,0.834,0.0,0.0,0.0,0.0,1.0,0.0,1.0,0.0,0.0
Kaiser Gates,2023.0,2023.0,1.0,0.0,0.0,1.0,1.0,0.0,1.0,0.0,0.0,0.0,0.0,1.0,0.0,0.0,0.0,0.0,0.0,0.0,0.0,0.0,0.0,0.0,0.0,0.0,0.0,0.0,0.0
Trendon Watford,2021.0,2023.0,3.0,0.0,0.0,1.0,173.0,1255.0,631.0,292.0,80.0,59.0,7.3,3.6,1.7,0.5,0.3,0.541,0.359,0.756,0.0,0.0,0.0,0.0,0.0,0.0,0.0,0.0,0.0
Frank Ntilikina,2017.0,2023.0,7.0,0.0,0.0,1.0,321.0,1535.0,563.0,693.0,210.0,66.0,4.8,1.8,2.2,0.7,0.2,0.369,0.32,0.762,0.0,0.0,0.0,0.0,0.0,0.0,0.0,0.0,0.0
Kevin Knox II,2018.0,2023.0,6.0,0.0,0.0,1.0,306.0,2276.0,876.0,228.0,119.0,79.0,7.4,2.9,0.7,0.4,0.3,0.392,0.341,0.723,0.0,0.0,0.0,0.0,0.0,0.0,0.0,0.0,0.0
Jalen Johnson,2021.0,2023.0,3.0,0.0,0.0,1.0,148.0,1343.0,796.0,289.0,108.0,83.0,9.1,5.4,2.0,0.7,0.6,0.506,0.328,0.694,0.0,0.0,0.0,0.0,0.0,0.0,0.0,0.0,0.0
Mouhamadou Gueye,2023.0,2023.0,1.0,0.0,0.0,1.0,11.0,26.0,23.0,5.0,3.0,18.0,2.4,2.1,0.5,0.3,1.6,0.289,0.0,0.444,0.0,0.0,0.0,0.0,0.0,0.0,0.0,0.0,0.0
Buddy Hield,2016.0,2023.0,8.0,0.0,0.0,1.0,632.0,9820.0,2672.0,1641.0,545.0,204.0,15.5,4.2,2.6,0.9,0.3,0.434,0.4,0.86,0.0,0.0,0.0,0.0,0.0,0.0,0.0,0.0,0.0
Jevon Carter,2018.0,2023.0,6.0,0.0,0.0,1.0,376.0,1992.0,648.0,611.0,229.0,96.0,5.3,1.7,1.6,0.6,0.3,0.396,0.383,0.798,0.0,0.0,0.0,0.0,0.0,0.0,0.0,0.0,0.0
Scoot Henderson,2023.0,2023.0,1.0,0.0,0.0,1.0,62.0,868.0,194.0,336.0,48.0,13.0,14.0,3.1,5.4,0.8,0.2,0.385,0.325,0.819,0.0,0.0,0.0,0.0,0.0,0.0,0.0,0.0,0.0
Drew Peterson,2023.0,2023.0,1.0,0.0,0.0,1.0,3.0,11.0,1.0,1.0,2.0,0.0,3.7,0.3,0.3,0.7,0.0,0.667,0.6,0.0,0.0,0.0,0.0,0.0,0.0,0.0,0.0,0.0,0.0
Malik Monk,2017.0,2023.0,7.0,0.0,0.0,1.0,458.0,5327.0,1132.0,1295.0,256.0,136.0,11.6,2.5,2.8,0.6,0.3,0.433,0.355,0.844,0.0,0.0,0.0,0.0,0.0,0.0,0.0,0.0,0.0
Kevon Harris,2022.0,2023.0,2.0,0.0,0.0,1.0,36.0,145.0,72.0,17.0,17.0,5.0,4.0,2.0,0.5,0.5,0.1,0.445,0.372,0.756,0.0,0.0,0.0,0.0,0.0,0.0,0.0,0.0,0.0
Ibou Badji,2023.0,2023.0,1.0,0.0,0.0,1.0,22.0,34.0,51.0,13.0,3.0,20.0,1.5,2.3,0.6,0.1,0.9,0.636,0.0,0.5,0.0,0.0,0.0,0.0,0.0,0.0,0.0,0.0,0.0
Matisse Thybulle,2019.0,2023.0,5.0,0.0,0.0,1.0,332.0,1586.0,658.0,360.0,509.0,270.0,4.8,2.0,1.1,1.5,0.8,0.435,0.338,0.679,0.0,0.0,0.0,0.0,0.0,2.0,0.0,0.0,0.0
MarJon Beauchamp,2022.0,2023.0,2.0,0.0,0.0,1.0,100.0,477.0,214.0,66.0,34.0,14.0,4.8,2.1,0.7,0.3,0.1,0.433,0.355,0.708,0.0,0.0,0.0,0.0,0.0,0.0,0.0,0.0,0.0
Mike Conley,2007.0,2023.0,17.0,0.0,0.0,1.0,1101.0,15888.0,3272.0,6306.0,1524.0,228.0,14.4,3.0,5.7,1.4,0.2,0.439,0.387,0.823,0.0,0.0,0.0,0.0,1.0,1.0,0.0,0.0,0.0
Julius Randle,2014.0,2023.0,10.0,0.0,0.0,1.0,641.0,12229.0,6005.0,2387.0,439.0,268.0,19.1,9.4,3.7,0.7,0.4,0.47,0.333,0.748,0.0,0.0,0.0,2.0,3.0,0.0,0.0,0.0,0.0
Wenyen Gabriel,2019.0,2023.0,5.0,0.0,0.0,1.0,150.0,665.0,514.0,72.0,53.0,63.0,4.4,3.4,0.5,0.4,0.4,0.524,0.311,0.606,0.0,0.0,0.0,0.0,0.0,0.0,0.0,0.0,0.0
Leaky Black,2023.0,2023.0,1.0,0.0,0.0,1.0,26.0,69.0,48.0,24.0,8.0,11.0,2.7,1.8,0.9,0.3,0.4,0.481,0.45,0.667,0.0,0.0,0.0,0.0,0.0,0.0,0.0,0.0,0.0
Fred VanVleet,2016.0,2023.0,8.0,0.0,0.0,1.0,490.0,7360.0,1663.0,2788.0,663.0,228.0,15.0,3.4,5.7,1.4,0.5,0.404,0.375,0.868,1.0,0.0,0.0,0.0,1.0,0.0,0.0,0.0,0.0
Jay Huff,2021.0,2023.0,3.0,0.0,0.0,1.0,31.0,74.0,36.0,13.0,6.0,8.0,2.4,1.2,0.4,0.2,0.3,0.558,0.391,0.944,0.0,0.0,0.0,0.0,0.0,0.0,0.0,0.0,0.0
Caris LeVert,2016.0,2023.0,8.0,0.0,0.0,1.0,460.0,6498.0,1778.0,1890.0,491.0,165.0,14.1,3.9,4.1,1.1,0.4,0.434,0.341,0.739,0.0,0.0,0.0,0.0,0.0,0.0,0.0,0.0,0.0
Al Horford,2007.0,2023.0,17.0,0.0,0.0,1.0,1078.0,14167.0,8575.0,3501.0,830.0,1249.0,13.1,8.0,3.2,0.8,1.2,0.513,0.379,0.76,1.0,0.0,0.0,1.0,5.0,1.0,0.0,0.0,0.0
Evan Mobley,2021.0,2023.0,3.0,0.0,0.0,1.0,198.0,3096.0,1749.0,558.0,161.0,306.0,15.6,8.8,2.8,0.8,1.5,0.544,0.265,0.681,0.0,0.0,0.0,0.0,0.0,1.0,0.0,0.0,0.0
Harry Giles III,2018.0,2023.0,6.0,0.0,0.0,1.0,165.0,888.0,573.0,180.0,63.0,56.0,5.4,3.5,1.1,0.4,0.3,0.508,0.244,0.661,0.0,0.0,0.0,0.0,0.0,0.0,0.0,0.0,0.0
JD Davison,2022.0,2023.0,2.0,0.0,0.0,1.0,20.0,35.0,19.0,21.0,3.0,3.0,1.8,1.0,1.0,0.2,0.2,0.419,0.357,0.667,0.0,0.0,0.0,0.0,0.0,0.0,0.0,0.0,0.0
Mouhamed Gueye,2023.0,2023.0,1.0,0.0,0.0,1.0,6.0,24.0,22.0,4.0,5.0,4.0,4.0,3.7,0.7,0.8,0.7,0.348,0.333,0.833,0.0,0.0,0.0,0.0,0.0,0.0,0.0,0.0,0.0
Juan Toscano-Anderson,2019.0,2023.0,5.0,0.0,0.0,1.0,202.0,830.0,601.0,372.0,119.0,59.0,4.1,3.0,1.8,0.6,0.3,0.502,0.329,0.646,1.0,0.0,0.0,0.0,0.0,0.0,0.0,0.0,0.0
Joe Harris,2014.0,2023.0,10.0,0.0,0.0,1.0,504.0,5185.0,1521.0,790.0,241.0,95.0,10.3,3.0,1.6,0.5,0.2,0.479,0.436,0.771,0.0,0.0,0.0,0.0,0.0,0.0,0.0,0.0,0.0
Isaiah Livers,2021.0,2023.0,3.0,0.0,0.0,1.0,94.0,581.0,248.0,87.0,54.0,40.0,6.2,2.6,0.9,0.6,0.4,0.407,0.358,0.789,0.0,0.0,0.0,0.0,0.0,0.0,0.0,0.0,0.0
Dyson Daniels,2022.0,2023.0,2.0,0.0,0.0,1.0,120.0,581.0,424.0,298.0,128.0,36.0,4.8,3.5,2.5,1.1,0.3,0.435,0.312,0.645,0.0,0.0,0.0,0.0,0.0,0.0,0.0,0.0,0.0
Kelly Olynyk,2013.0,2023.0,11.0,0.0,0.0,1.0,756.0,7755.0,3918.0,1847.0,599.0,351.0,10.3,5.2,2.4,0.8,0.5,0.485,0.369,0.798,0.0,0.0,0.0,0.0,0.0,0.0,0.0,0.0,0.0
Brandon Williams,1997.0,2002.0,6.0,0.0,1.0,0.0,18.0,41.0,18.0,3.0,8.0,3.0,2.3,1.0,0.2,0.4,0.2,0.298,0.3,0.5,0.0,0.0,0.0,0.0,0.0,0.0,0.0,0.0,0.0
Amir Coffey,2019.0,2023.0,5.0,0.0,0.0,1.0,251.0,1452.0,458.0,289.0,101.0,36.0,5.8,1.8,1.2,0.4,0.1,0.447,0.373,0.813,0.0,0.0,0.0,0.0,0.0,0.0,0.0,0.0,0.0
Justin Holiday,2012.0,2023.0,12.0,0.0,0.0,1.0,680.0,5444.0,1826.0,968.0,614.0,283.0,8.0,2.7,1.4,0.9,0.4,0.4,0.365,0.817,1.0,0.0,0.0,0.0,0.0,0.0,0.0,0.0,0.0
Aaron Gordon,2014.0,2023.0,10.0,0.0,0.0,1.0,669.0,9009.0,4227.0,1775.0,499.0,431.0,13.5,6.3,2.7,0.7,0.6,0.481,0.323,0.683,1.0,0.0,0.0,0.0,0.0,0.0,0.0,0.0,0.0
Julian Strawther,2023.0,2023.0,1.0,0.0,0.0,1.0,50.0,227.0,61.0,47.0,17.0,7.0,4.5,1.2,0.9,0.3,0.1,0.369,0.297,0.71,0.0,0.0,0.0,0.0,0.0,0.0,0.0,0.0,0.0
Keldon Johnson,2019.0,2023.0,5.0,0.0,0.0,1.0,293.0,4782.0,1621.0,672.0,209.0,71.0,16.3,5.5,2.3,0.7,0.2,0.465,0.358,0.76,0.0,0.0,0.0,0.0,0.0,0.0,0.0,0.0,0.0
Jontay Porter,2020.0,2023.0,4.0,0.0,0.0,1.0,37.0,137.0,96.0,61.0,23.0,21.0,3.7,2.6,1.6,0.6,0.6,0.403,0.338,0.783,0.0,0.0,0.0,0.0,0.0,0.0,0.0,0.0,0.0
Jack White,2022.0,2023.0,2.0,0.0,0.0,1.0,21.0,27.0,29.0,5.0,7.0,3.0,1.3,1.4,0.2,0.3,0.1,0.286,0.263,0.667,0.0,0.0,0.0,0.0,0.0,0.0,0.0,0.0,0.0
Tosan Evbuomwan,2023.0,2023.0,1.0,0.0,0.0,1.0,17.0,101.0,60.0,16.0,6.0,5.0,5.9,3.5,0.9,0.4,0.3,0.507,0.375,0.68,0.0,0.0,0.0,0.0,0.0,0.0,0.0,0.0,0.0
Eric Gordon,2008.0,2023.0,16.0,0.0,0.0,1.0,886.0,13868.0,2067.0,2443.0,750.0,313.0,15.7,2.3,2.8,0.8,0.4,0.43,0.371,0.811,0.0,0.0,0.0,0.0,0.0,0.0,0.0,0.0,0.0
Haywood Highsmith,2018.0,2023.0,6.0,0.0,0.0,1.0,144.0,693.0,429.0,121.0,92.0,50.0,4.8,3.0,0.8,0.6,0.3,0.443,0.368,0.535,0.0,0.0,0.0,0.0,0.0,0.0,0.0,0.0,0.0
Timmy Allen,2023.0,2023.0,1.0,0.0,0.0,1.0,5.0,13.0,17.0,5.0,4.0,0.0,2.6,3.4,1.0,0.8,0.0,0.261,0.0,0.5,0.0,0.0,0.0,0.0,0.0,0.0,0.0,0.0,0.0
Hunter Tyson,2023.0,2023.0,1.0,0.0,0.0,1.0,18.0,20.0,9.0,2.0,1.0,0.0,1.1,0.5,0.1,0.1,0.0,0.4,0.286,0.0,0.0,0.0,0.0,0.0,0.0,0.0,0.0,0.0,0.0
James Wiseman,2020.0,2023.0,4.0,0.0,0.0,1.0,147.0,1344.0,829.0,110.0,30.0,102.0,9.1,5.6,0.7,0.2,0.7,0.56,0.267,0.681,0.0,0.0,0.0,0.0,0.0,0.0,0.0,0.0,0.0
Luka Samanic,2019.0,2023.0,5.0,0.0,0.0,1.0,86.0,384.0,210.0,55.0,19.0,19.0,4.5,2.4,0.6,0.2,0.2,0.411,0.247,0.706,0.0,0.0,0.0,0.0,0.0,0.0,0.0,0.0,0.0
Donovan Mitchell,2017.0,2023.0,7.0,0.0,0.0,1.0,468.0,11619.0,2002.0,2176.0,645.0,156.0,24.8,4.3,4.6,1.4,0.3,0.45,0.366,0.843,0.0,0.0,0.0,1.0,5.0,0.0,0.0,0.0,0.0
Terry Rozier,2015.0,2023.0,9.0,0.0,0.0,1.0,601.0,8573.0,2372.0,2170.0,577.0,150.0,14.3,3.9,3.6,1.0,0.2,0.42,0.367,0.827,0.0,0.0,0.0,0.0,0.0,0.0,0.0,0.0,0.0
Cory Joseph,2011.0,2023.0,13.0,0.0,0.0,1.0,816.0,5651.0,2020.0,2445.0,600.0,179.0,6.9,2.5,3.0,0.7,0.2,0.441,0.349,0.786,1.0,0.0,0.0,0.0,0.0,0.0,0.0,0.0,0.0
Justin Jackson,2017.0,2023.0,7.0,0.0,0.0,1.0,280.0,1676.0,654.0,285.0,94.0,43.0,6.0,2.3,1.0,0.3,0.2,0.423,0.319,0.796,1.0,0.0,0.0,0.0,0.0,0.0,0.0,0.0,0.0
Jett Howard,2023.0,2023.0,1.0,0.0,0.0,1.0,18.0,29.0,7.0,6.0,2.0,2.0,1.6,0.4,0.3,0.1,0.1,0.333,0.28,0.5,0.0,0.0,0.0,0.0,0.0,0.0,0.0,0.0,0.0
Dalano Banton,2021.0,2023.0,3.0,0.0,0.0,1.0,149.0,904.0,347.0,262.0,74.0,43.0,6.1,2.3,1.8,0.5,0.3,0.409,0.289,0.729,0.0,0.0,0.0,0.0,0.0,0.0,0.0,0.0,0.0
Furkan Korkmaz,2017.0,2023.0,7.0,0.0,0.0,1.0,328.0,2244.0,646.0,391.0,178.0,43.0,6.8,2.0,1.2,0.5,0.1,0.406,0.356,0.761,0.0,0.0,0.0,0.0,0.0,0.0,0.0,0.0,0.0
Keita Bates-Diop,2018.0,2023.0,6.0,0.0,0.0,1.0,283.0,1697.0,848.0,241.0,146.0,99.0,6.0,3.0,0.9,0.5,0.3,0.474,0.333,0.751,0.0,0.0,0.0,0.0,0.0,0.0,0.0,0.0,0.0
Troy Brown Jr.,2018.0,2023.0,6.0,0.0,0.0,1.0,356.0,2196.0,1288.0,508.0,235.0,42.0,6.2,3.6,1.4,0.7,0.1,0.423,0.351,0.783,0.0,0.0,0.0,0.0,0.0,0.0,0.0,0.0,0.0
Dylan Windler,2020.0,2023.0,4.0,0.0,0.0,1.0,101.0,319.0,212.0,78.0,36.0,15.0,3.2,2.1,0.8,0.4,0.1,0.425,0.347,0.8,0.0,0.0,0.0,0.0,0.0,0.0,0.0,0.0,0.0
Coby White,2019.0,2023.0,5.0,0.0,0.0,1.0,348.0,4896.0,1266.0,1288.0,223.0,56.0,14.1,3.6,3.7,0.6,0.2,0.427,0.369,0.848,0.0,0.0,0.0,0.0,0.0,0.0,0.0,0.0,0.0
Shaedon Sharpe,2022.0,2023.0,2.0,0.0,0.0,1.0,112.0,1299.0,396.0,188.0,66.0,36.0,11.6,3.5,1.7,0.6,0.3,0.445,0.35,0.772,0.0,0.0,0.0,0.0,0.0,0.0,0.0,0.0,0.0
Jaylen Nowell,2019.0,2023.0,5.0,0.0,0.0,1.0,197.0,1748.0,425.0,362.0,98.0,30.0,8.9,2.2,1.8,0.5,0.2,0.446,0.317,0.798,0.0,0.0,0.0,0.0,0.0,0.0,0.0,0.0,0.0
Mo Bamba,2018.0,2023.0,6.0,0.0,0.0,1.0,332.0,2323.0,1835.0,288.0,123.0,429.0,7.0,5.5,0.9,0.4,1.3,0.478,0.361,0.681,0.0,0.0,0.0,0.0,0.0,0.0,0.0,0.0,0.0
Maxwell Lewis,2023.0,2023.0,1.0,0.0,0.0,1.0,34.0,11.0,4.0,6.0,2.0,1.0,0.3,0.1,0.2,0.1,0.0,0.19,0.111,0.667,0.0,0.0,0.0,0.0,0.0,0.0,0.0,0.0,0.0
Jalen Suggs,2021.0,2023.0,3.0,0.0,0.0,1.0,176.0,2031.0,561.0,569.0,232.0,93.0,11.5,3.2,3.2,1.3,0.5,0.422,0.333,0.753,0.0,0.0,0.0,0.0,0.0,1.0,0.0,0.0,0.0
Jonathan Isaac,2017.0,2023.0,7.0,0.0,0.0,1.0,205.0,1717.0,1045.0,182.0,202.0,280.0,8.4,5.1,0.9,1.0,1.4,0.449,0.341,0.771,0.0,0.0,0.0,0.0,0.0,0.0,0.0,0.0,0.0
Andrew Wiggins,2014.0,2023.0,10.0,0.0,0.0,1.0,706.0,13091.0,3156.0,1597.0,682.0,468.0,18.5,4.5,2.3,1.0,0.7,0.449,0.354,0.722,1.0,0.0,0.0,0.0,1.0,0.0,1.0,0.0,0.0
Nathan Mensah,2023.0,2023.0,1.0,0.0,0.0,1.0,25.0,33.0,65.0,9.0,6.0,14.0,1.3,2.6,0.4,0.2,0.6,0.429,0.0,0.75,0.0,0.0,0.0,0.0,0.0,0.0,0.0,0.0,0.0
Johnny Davis,1976.0,1985.0,10.0,1.0,0.0,0.0,750.0,9710.0,1505.0,3368.0,0.0,0.0,12.9,2.0,4.5,0.0,0.0,0.448,0.0,0.821,1.0,0.0,0.0,0.0,0.0,0.0,0.0,0.0,0.0
Nic Claxton,2019.0,2023.0,5.0,0.0,0.0,1.0,241.0,2490.0,1882.0,378.0,159.0,434.0,10.3,7.8,1.6,0.7,1.8,0.661,0.158,0.544,0.0,0.0,0.0,0.0,0.0,0.0,0.0,0.0,0.0
Lonnie Walker IV,2018.0,2023.0,6.0,0.0,0.0,1.0,322.0,3171.0,728.0,468.0,174.0,88.0,9.8,2.3,1.5,0.5,0.3,0.422,0.356,0.795,0.0,0.0,0.0,0.0,0.0,0.0,0.0,0.0,0.0
Wesley Matthews,2009.0,2023.0,15.0,0.0,0.0,1.0,986.0,11210.0,2757.0,1843.0,925.0,204.0,11.4,2.8,1.9,0.9,0.2,0.419,0.375,0.823,0.0,0.0,0.0,0.0,0.0,0.0,0.0,0.0,0.0
Izaiah Brockington,2023.0,2023.0,1.0,0.0,0.0,1.0,1.0,4.0,2.0,0.0,0.0,0.0,4.0,2.0,0.0,0.0,0.0,0.4,0.0,0.0,0.0,0.0,0.0,0.0,0.0,0.0,0.0,0.0,0.0
Jordan Ford,2023.0,2023.0,1.0,0.0,0.0,1.0,6.0,12.0,2.0,2.0,0.0,0.0,2.0,0.3,0.3,0.0,0.0,0.571,0.667,1.0,0.0,0.0,0.0,0.0,0.0,0.0,0.0,0.0,0.0
Devin Vassell,2020.0,2023.0,4.0,0.0,0.0,1.0,239.0,3239.0,889.0,605.0,235.0,99.0,13.6,3.7,2.5,1.0,0.4,0.444,0.369,0.809,0.0,0.0,0.0,0.0,0.0,0.0,0.0,0.0,0.0
Max Strus,2019.0,2023.0,5.0,0.0,0.0,1.0,259.0,2738.0,840.0,570.0,145.0,59.0,10.6,3.2,2.2,0.6,0.2,0.424,0.365,0.811,0.0,0.0,0.0,0.0,0.0,0.0,0.0,0.0,0.0
Trae Young,2018.0,2023.0,6.0,0.0,0.0,1.0,407.0,10379.0,1451.0,3868.0,414.0,62.0,25.5,3.6,9.5,1.0,0.2,0.436,0.355,0.873,0.0,0.0,0.0,1.0,3.0,0.0,0.0,0.0,0.0
Bruce Brown,2018.0,2023.0,6.0,0.0,0.0,1.0,416.0,3705.0,1765.0,1033.0,384.0,213.0,8.9,4.2,2.5,0.9,0.5,0.481,0.337,0.764,1.0,0.0,0.0,0.0,0.0,0.0,0.0,0.0,0.0
A.J. Lawson,2022.0,2023.0,2.0,0.0,0.0,1.0,57.0,192.0,71.0,22.0,12.0,3.0,3.4,1.2,0.4,0.2,0.1,0.461,0.307,0.548,0.0,0.0,0.0,0.0,0.0,0.0,0.0,0.0,0.0
Jaylen Brown,2016.0,2023.0,8.0,0.0,0.0,1.0,540.0,10038.0,2840.0,1303.0,539.0,209.0,18.6,5.3,2.4,1.0,0.4,0.48,0.364,0.72,1.0,1.0,0.0,1.0,3.0,0.0,0.0,0.0,0.0
Jabari Walker,2022.0,2023.0,2.0,0.0,0.0,1.0,128.0,854.0,639.0,105.0,52.0,35.0,6.7,5.0,0.8,0.4,0.3,0.448,0.292,0.755,0.0,0.0,0.0,0.0,0.0,0.0,0.0,0.0,0.0
Kobe Bufkin,2023.0,2023.0,1.0,0.0,0.0,1.0,17.0,81.0,33.0,27.0,7.0,5.0,4.8,1.9,1.6,0.4,0.3,0.37,0.225,0.5,0.0,0.0,0.0,0.0,0.0,0.0,0.0,0.0,0.0
Kai Jones,2021.0,2022.0,2.0,0.0,0.0,1.0,67.0,179.0,134.0,19.0,18.0,32.0,2.7,2.0,0.3,0.3,0.5,0.567,0.238,0.647,0.0,0.0,0.0,0.0,0.0,0.0,0.0,0.0,0.0
Andre Drummond,2012.0,2023.0,12.0,0.0,0.0,1.0,864.0,11000.0,10671.0,1073.0,1094.0,1130.0,12.7,12.4,1.2,1.3,1.3,0.543,0.125,0.482,0.0,0.0,0.0,1.0,2.0,0.0,0.0,0.0,0.0
Garrett Temple,2009.0,2023.0,15.0,0.0,0.0,1.0,743.0,4529.0,1682.0,1229.0,593.0,239.0,6.1,2.3,1.7,0.8,0.3,0.401,0.344,0.742,0.0,0.0,0.0,0.0,0.0,0.0,0.0,0.0,0.0
Wendell Moore Jr.,2022.0,2023.0,2.0,0.0,0.0,1.0,54.0,60.0,30.0,24.0,13.0,6.0,1.1,0.6,0.4,0.2,0.1,0.443,0.087,0.8,0.0,0.0,0.0,0.0,0.0,0.0,0.0,0.0,0.0
Jamal Murray,2016.0,2023.0,8.0,0.0,0.0,1.0,469.0,8187.0,1757.0,2106.0,451.0,164.0,17.5,3.7,4.5,1.0,0.3,0.452,0.38,0.867,1.0,0.0,0.0,0.0,0.0,0.0,0.0,0.0,0.0
Jermaine Samuels Jr.,2023.0,2023.0,1.0,0.0,0.0,1.0,14.0,20.0,13.0,3.0,1.0,2.0,1.4,0.9,0.2,0.1,0.1,0.643,0.0,1.0,0.0,0.0,0.0,0.0,0.0,0.0,0.0,0.0,0.0
D.J. Carton,2023.0,2023.0,1.0,0.0,0.0,1.0,4.0,11.0,4.0,3.0,1.0,0.0,2.8,1.0,0.8,0.2,0.0,0.375,0.25,0.8,0.0,0.0,0.0,0.0,0.0,0.0,0.0,0.0,0.0
Maozinha Pereira,2023.0,2023.0,1.0,0.0,0.0,1.0,7.0,48.0,37.0,2.0,6.0,4.0,6.9,5.3,0.3,0.9,0.6,0.514,0.385,0.7,0.0,0.0,0.0,0.0,0.0,0.0,0.0,0.0,0.0
Kyle Lowry,2006.0,2023.0,18.0,0.0,0.0,1.0,1138.0,16218.0,4894.0,7003.0,1466.0,340.0,14.3,4.3,6.2,1.3,0.3,0.424,0.368,0.815,1.0,0.0,0.0,1.0,6.0,0.0,0.0,0.0,0.0
Colin Castleton,2023.0,2023.0,1.0,0.0,0.0,1.0,16.0,24.0,12.0,3.0,2.0,0.0,1.5,0.8,0.2,0.1,0.0,0.562,0.0,1.0,0.0,0.0,0.0,0.0,0.0,0.0,0.0,0.0,0.0
Dalen Terry,2022.0,2023.0,2.0,0.0,0.0,1.0,97.0,265.0,150.0,103.0,38.0,23.0,2.7,1.5,1.1,0.4,0.2,0.441,0.238,0.609,0.0,0.0,0.0,0.0,0.0,0.0,0.0,0.0,0.0
Vit Krejci,2021.0,2023.0,3.0,0.0,0.0,1.0,81.0,358.0,179.0,124.0,37.0,15.0,4.4,2.2,1.5,0.5,0.2,0.435,0.348,0.833,0.0,0.0,0.0,0.0,0.0,0.0,0.0,0.0,0.0
Keon Johnson,2021.0,2023.0,3.0,0.0,0.0,1.0,82.0,487.0,132.0,138.0,50.0,19.0,5.9,1.6,1.7,0.6,0.2,0.363,0.346,0.76,0.0,0.0,0.0,0.0,0.0,0.0,0.0,0.0,0.0
Jalen Smith,2020.0,2023.0,4.0,0.0,0.0,1.0,207.0,1766.0,1075.0,157.0,54.0,143.0,8.5,5.2,0.8,0.3,0.7,0.517,0.335,0.74,0.0,0.0,0.0,0.0,0.0,0.0,0.0,0.0,0.0
Dario Saric,2016.0,2023.0,8.0,0.0,0.0,1.0,477.0,5057.0,2576.0,917.0,271.0,96.0,10.6,5.4,1.9,0.6,0.2,0.445,0.362,0.839,0.0,0.0,0.0,0.0,0.0,0.0,0.0,0.0,0.0
Rudy Gobert,2013.0,2023.0,11.0,0.0,0.0,1.0,757.0,9592.0,8915.0,996.0,520.0,1614.0,12.7,11.8,1.3,0.7,2.1,0.655,0.0,0.639,0.0,0.0,0.0,4.0,3.0,7.0,0.0,4.0,0.0
Alex Len,2013.0,2023.0,11.0,0.0,0.0,1.0,644.0,4534.0,3529.0,551.0,239.0,594.0,7.0,5.5,0.9,0.4,0.9,0.51,0.324,0.681,0.0,0.0,0.0,0.0,0.0,0.0,0.0,0.0,0.0
Matt Ryan,2021.0,2023.0,3.0,0.0,0.0,1.0,63.0,277.0,66.0,34.0,12.0,2.0,4.4,1.0,0.5,0.2,0.0,0.398,0.411,0.885,0.0,0.0,0.0,0.0,0.0,0.0,0.0,0.0,0.0
Larry Nance Jr.,2015.0,2023.0,9.0,0.0,0.0,1.0,522.0,4001.0,3238.0,979.0,601.0,255.0,7.7,6.2,1.9,1.2,0.5,0.54,0.342,0.696,0.0,0.0,0.0,0.0,0.0,0.0,0.0,0.0,0.0
Jamal Cain,2022.0,2023.0,2.0,0.0,0.0,1.0,44.0,195.0,89.0,22.0,21.0,6.0,4.4,2.0,0.5,0.5,0.1,0.49,0.353,0.778,0.0,0.0,0.0,0.0,0.0,0.0,0.0,0.0,0.0
Isaiah Wong,2023.0,2023.0,1.0,0.0,0.0,1.0,1.0,2.0,0.0,0.0,0.0,0.0,2.0,0.0,0.0,0.0,0.0,0.333,0.0,0.0,0.0,0.0,0.0,0.0,0.0,0.0,0.0,0.0,0.0
Orlando Robinson,2022.0,2023.0,2.0,0.0,0.0,1.0,67.0,215.0,210.0,59.0,19.0,20.0,3.2,3.1,0.9,0.3,0.3,0.516,0.381,0.732,0.0,0.0,0.0,0.0,0.0,0.0,0.0,0.0,0.0
Jakob Poeltl,2016.0,2023.0,8.0,0.0,0.0,1.0,538.0,4487.0,3606.0,925.0,315.0,686.0,8.3,6.7,1.7,0.6,1.3,0.631,0.5,0.538,0.0,0.0,0.0,0.0,0.0,0.0,0.0,0.0,0.0
Grayson Allen,2018.0,2023.0,6.0,0.0,0.0,1.0,339.0,3570.0,1022.0,675.0,239.0,93.0,10.5,3.0,2.0,0.7,0.3,0.452,0.412,0.866,0.0,0.0,0.0,0.0,0.0,0.0,0.0,0.0,0.0
Dmytro Skapintsev,2023.0,2023.0,1.0,0.0,0.0,1.0,2.0,0.0,0.0,0.0,0.0,0.0,0.0,0.0,0.0,0.0,0.0,0.0,0.0,0.0,0.0,0.0,0.0,0.0,0.0,0.0,0.0,0.0,0.0
Jason Preston,2022.0,2023.0,2.0,0.0,0.0,1.0,21.0,53.0,39.0,43.0,4.0,1.0,2.5,1.9,2.0,0.2,0.0,0.4,0.238,0.0,0.0,0.0,0.0,0.0,0.0,0.0,0.0,0.0,0.0
Damian Lillard,2012.0,2023.0,12.0,0.0,0.0,1.0,842.0,21151.0,3573.0,5659.0,804.0,257.0,25.1,4.2,6.7,1.0,0.3,0.438,0.371,0.897,0.0,0.0,0.0,7.0,8.0,0.0,1.0,0.0,0.0
Neemias Queta,2021.0,2023.0,3.0,0.0,0.0,1.0,48.0,211.0,164.0,27.0,14.0,31.0,4.4,3.4,0.6,0.3,0.6,0.596,0.0,0.66,1.0,0.0,0.0,0.0,0.0,0.0,0.0,0.0,0.0
Cason Wallace,2023.0,2023.0,1.0,0.0,0.0,1.0,82.0,561.0,187.0,120.0,76.0,37.0,6.8,2.3,1.5,0.9,0.5,0.491,0.419,0.784,0.0,0.0,0.0,0.0,0.0,0.0,0.0,0.0,0.0
Ty Jerome,2019.0,2023.0,5.0,0.0,0.0,1.0,159.0,1108.0,294.0,411.0,88.0,19.0,7.0,1.8,2.6,0.6,0.1,0.421,0.352,0.826,0.0,0.0,0.0,0.0,0.0,0.0,0.0,0.0,0.0
Trey Jemison,2023.0,2023.0,1.0,0.0,0.0,1.0,25.0,171.0,134.0,27.0,12.0,28.0,6.8,5.4,1.1,0.5,1.1,0.551,0.0,0.84,0.0,0.0,0.0,0.0,0.0,0.0,0.0,0.0,0.0
Vasilije Micic,2023.0,2023.0,1.0,0.0,0.0,1.0,60.0,422.0,88.0,262.0,31.0,7.0,7.0,1.5,4.4,0.5,0.1,0.43,0.279,0.813,0.0,0.0,0.0,0.0,0.0,0.0,0.0,0.0,0.0
Chimezie Metu,2018.0,2023.0,6.0,0.0,0.0,1.0,260.0,1522.0,908.0,197.0,139.0,95.0,5.9,3.5,0.8,0.5,0.4,0.495,0.298,0.787,0.0,0.0,0.0,0.0,0.0,0.0,0.0,0.0,0.0
Paolo Banchero,2022.0,2023.0,2.0,0.0,0.0,1.0,152.0,3241.0,1051.0,700.0,131.0,86.0,21.3,6.9,4.6,0.9,0.6,0.442,0.321,0.731,0.0,0.0,0.0,0.0,1.0,0.0,1.0,0.0,0.0
P.J. Washington,2019.0,2023.0,5.0,0.0,0.0,1.0,333.0,4285.0,1840.0,747.0,315.0,322.0,12.9,5.5,2.2,0.9,1.0,0.447,0.354,0.705,0.0,0.0,0.0,0.0,0.0,0.0,0.0,0.0,0.0
Chris Livingston,2023.0,2023.0,1.0,0.0,0.0,1.0,21.0,26.0,21.0,5.0,2.0,0.0,1.2,1.0,0.2,0.1,0.0,0.5,0.2,0.75,0.0,0.0,0.0,0.0,0.0,0.0,0.0,0.0,0.0
Damian Jones,2016.0,2023.0,8.0,0.0,0.0,1.0,279.0,1366.0,869.0,193.0,92.0,182.0,4.9,3.1,0.7,0.3,0.7,0.656,0.351,0.715,2.0,0.0,0.0,0.0,0.0,0.0,0.0,0.0,0.0
Chris Paul,2005.0,2023.0,19.0,0.0,0.0,1.0,1272.0,22288.0,5682.0,11894.0,2614.0,200.0,17.5,4.5,9.4,2.1,0.2,0.471,0.369,0.87,0.0,0.0,0.0,11.0,12.0,9.0,1.0,0.0,0.0
Keyonte George,2023.0,2023.0,1.0,0.0,0.0,1.0,75.0,974.0,211.0,332.0,36.0,7.0,13.0,2.8,4.4,0.5,0.1,0.391,0.334,0.848,0.0,0.0,0.0,0.0,0.0,0.0,0.0,0.0,0.0
Josh Okogie,2018.0,2023.0,6.0,0.0,0.0,1.0,376.0,2358.0,1117.0,447.0,340.0,157.0,6.3,3.0,1.2,0.9,0.4,0.402,0.293,0.748,0.0,0.0,0.0,0.0,0.0,0.0,0.0,0.0,0.0
Jarrett Allen,2017.0,2023.0,7.0,0.0,0.0,1.0,486.0,6185.0,4441.0,790.0,294.0,630.0,12.7,9.1,1.6,0.6,1.3,0.63,0.171,0.711,0.0,0.0,0.0,0.0,1.0,0.0,0.0,0.0,0.0
Trey Murphy III,2021.0,2023.0,3.0,0.0,0.0,1.0,198.0,2324.0,708.0,274.0,163.0,78.0,11.7,3.6,1.4,0.8,0.4,0.454,0.392,0.867,0.0,0.0,0.0,0.0,0.0,0.0,0.0,0.0,0.0
Darius Bazley,2019.0,2023.0,5.0,0.0,0.0,1.0,237.0,2113.0,1244.0,282.0,138.0,177.0,8.9,5.2,1.2,0.6,0.7,0.414,0.309,0.677,0.0,0.0,0.0,0.0,0.0,0.0,0.0,0.0,0.0
AJ Green,2022.0,2023.0,2.0,0.0,0.0,1.0,91.0,406.0,109.0,52.0,15.0,4.0,4.5,1.2,0.6,0.2,0.0,0.424,0.412,0.913,0.0,0.0,0.0,0.0,0.0,0.0,0.0,0.0,0.0
Jericho Sims,2021.0,2023.0,3.0,0.0,0.0,1.0,138.0,360.0,558.0,71.0,34.0,69.0,2.6,4.0,0.5,0.2,0.5,0.741,0.0,0.58,0.0,0.0,0.0,0.0,0.0,0.0,0.0,0.0,0.0
Jordan Nwora,2020.0,2023.0,4.0,0.0,0.0,1.0,206.0,1564.0,659.0,216.0,92.0,52.0,7.6,3.2,1.0,0.4,0.3,0.433,0.376,0.807,1.0,0.0,0.0,0.0,0.0,0.0,0.0,0.0,0.0
Paul Reed,2020.0,2023.0,4.0,0.0,0.0,1.0,215.0,1091.0,903.0,164.0,156.0,162.0,5.1,4.2,0.8,0.7,0.8,0.555,0.312,0.69,0.0,0.0,0.0,0.0,0.0,0.0,0.0,0.0,0.0
Anthony Black,2023.0,2023.0,1.0,0.0,0.0,1.0,69.0,316.0,139.0,91.0,35.0,21.0,4.6,2.0,1.3,0.5,0.3,0.466,0.394,0.612,0.0,0.0,0.0,0.0,0.0,0.0,0.0,0.0,0.0
Devin Booker,2015.0,2023.0,9.0,0.0,0.0,1.0,598.0,14529.0,2413.0,2993.0,510.0,174.0,24.3,4.0,5.0,0.9,0.3,0.464,0.357,0.87,0.0,0.0,0.0,2.0,4.0,0.0,0.0,0.0,0.0
Spencer Dinwiddie,2014.0,2023.0,10.0,0.0,0.0,1.0,542.0,7206.0,1642.0,2804.0,378.0,150.0,13.3,3.0,5.2,0.7,0.3,0.414,0.333,0.796,0.0,0.0,0.0,0.0,0.0,0.0,0.0,0.0,0.0
Udoka Azubuike,2020.0,2023.0,4.0,0.0,0.0,1.0,84.0,256.0,235.0,14.0,9.0,36.0,3.0,2.8,0.2,0.1,0.4,0.758,0.0,0.444,0.0,0.0,0.0,0.0,0.0,0.0,0.0,0.0,0.0
Robert Covington,2013.0,2023.0,11.0,0.0,0.0,1.0,614.0,6637.0,3385.0,884.0,938.0,578.0,10.8,5.5,1.4,1.5,0.9,0.409,0.362,0.811,0.0,0.0,0.0,0.0,0.0,1.0,0.0,0.0,0.0
Quenton Jackson,2022.0,2023.0,2.0,0.0,0.0,1.0,12.0,58.0,12.0,17.0,5.0,1.0,4.8,1.0,1.4,0.4,0.1,0.442,0.083,0.792,0.0,0.0,0.0,0.0,0.0,0.0,0.0,0.0,0.0
Mitchell Robinson,2018.0,2023.0,6.0,0.0,0.0,1.0,320.0,2549.0,2538.0,199.0,290.0,602.0,8.0,7.9,0.6,0.9,1.9,0.701,0.0,0.518,0.0,0.0,0.0,0.0,0.0,0.0,0.0,0.0,0.0
Keegan Murray,2022.0,2023.0,2.0,0.0,0.0,1.0,157.0,2148.0,791.0,227.0,140.0,101.0,13.7,5.0,1.4,0.9,0.6,0.454,0.384,0.805,0.0,0.0,0.0,0.0,0.0,0.0,0.0,0.0,0.0
Killian Hayes,2020.0,2023.0,4.0,0.0,0.0,1.0,210.0,1704.0,619.0,1090.0,245.0,93.0,8.1,2.9,5.2,1.2,0.4,0.382,0.277,0.775,0.0,0.0,0.0,0.0,0.0,0.0,0.0,0.0,0.0
Usman Garuba,2021.0,2023.0,3.0,0.0,0.0,1.0,105.0,276.0,397.0,82.0,55.0,43.0,2.6,3.8,0.8,0.5,0.4,0.467,0.362,0.625,0.0,0.0,0.0,0.0,0.0,0.0,0.0,0.0,0.0
Justin Minaya,2022.0,2023.0,2.0,0.0,0.0,1.0,38.0,78.0,71.0,25.0,11.0,15.0,2.1,1.9,0.7,0.3,0.4,0.299,0.246,0.5,0.0,0.0,0.0,0.0,0.0,0.0,0.0,0.0,0.0
Reggie Bullock Jr.,2013.0,2023.0,11.0,0.0,0.0,1.0,556.0,4039.0,1451.0,647.0,318.0,81.0,7.3,2.6,1.2,0.6,0.1,0.424,0.385,0.827,0.0,0.0,0.0,0.0,0.0,0.0,0.0,0.0,0.0
,,,,,,,,,,,,,,,,,,,,,,,,,,,,,
Jalen Duren,2022.0,2023.0,2.0,0.0,0.0,1.0,128.0,1453.0,1304.0,222.0,77.0,106.0,11.4,10.2,1.7,0.6,0.8,0.631,0.0,0.707,0.0,0.0,0.0,0.0,0.0,0.0,0.0,0.0,0.0
Nikola Jovic,2022.0,2023.0,2.0,0.0,0.0,1.0,61.0,434.0,223.0,100.0,32.0,16.0,7.1,3.7,1.6,0.5,0.3,0.443,0.369,0.773,0.0,0.0,0.0,0.0,0.0,0.0,0.0,0.0,0.0
Christian Braun,2022.0,2023.0,2.0,0.0,0.0,1.0,158.0,960.0,487.0,191.0,83.0,52.0,6.1,3.1,1.2,0.5,0.3,0.473,0.373,0.672,1.0,0.0,0.0,0.0,0.0,0.0,0.0,0.0,0.0
Kristaps Porzingis,2015.0,2023.0,9.0,0.0,0.0,1.0,459.0,9021.0,3604.0,826.0,334.0,846.0,19.7,7.9,1.8,0.7,1.8,0.459,0.361,0.831,1.0,0.0,0.0,0.0,1.0,0.0,0.0,0.0,0.0
Kevin Durant,2007.0,2023.0,17.0,0.0,0.0,1.0,1061.0,28924.0,7454.0,4645.0,1124.0,1196.0,27.3,7.0,4.4,1.1,1.1,0.501,0.387,0.884,2.0,2.0,1.0,11.0,14.0,0.0,1.0,0.0,0.0
Seth Lundy,2023.0,2023.0,1.0,0.0,0.0,1.0,9.0,14.0,7.0,0.0,0.0,0.0,1.6,0.8,0.0,0.0,0.0,0.235,0.231,0.75,0.0,0.0,0.0,0.0,0.0,0.0,0.0,0.0,0.0
Simone Fontecchio,2022.0,2023.0,2.0,0.0,0.0,1.0,118.0,1020.0,332.0,143.0,59.0,31.0,8.6,2.8,1.2,0.5,0.3,0.427,0.375,0.809,0.0,0.0,0.0,0.0,0.0,0.0,0.0,0.0,0.0
Moritz Wagner,2018.0,2023.0,6.0,0.0,0.0,1.0,333.0,2942.0,1288.0,397.0,161.0,97.0,8.8,3.9,1.2,0.5,0.3,0.521,0.32,0.82,0.0,0.0,0.0,0.0,0.0,0.0,0.0,0.0,0.0
Jose Alvarado,2021.0,2023.0,3.0,0.0,0.0,1.0,171.0,1277.0,369.0,455.0,197.0,32.0,7.5,2.2,2.7,1.2,0.2,0.42,0.342,0.735,0.0,0.0,0.0,0.0,0.0,0.0,0.0,0.0,0.0
Jimmy Butler,2011.0,2023.0,13.0,0.0,0.0,1.0,814.0,14934.0,4351.0,3474.0,1323.0,361.0,18.3,5.3,4.3,1.6,0.4,0.47,0.329,0.844,0.0,0.0,0.0,5.0,6.0,5.0,0.0,0.0,0.0
De'Aaron Fox,2017.0,2023.0,7.0,0.0,0.0,1.0,469.0,9940.0,1784.0,2870.0,665.0,196.0,21.2,3.8,6.1,1.4,0.4,0.471,0.334,0.736,0.0,0.0,0.0,1.0,1.0,0.0,0.0,0.0,0.0
Jaden Hardy,2022.0,2023.0,2.0,0.0,0.0,1.0,121.0,950.0,220.0,174.0,39.0,11.0,7.9,1.8,1.4,0.3,0.1,0.42,0.379,0.8,0.0,0.0,0.0,0.0,0.0,0.0,0.0,0.0,0.0
Richaun Holmes,2015.0,2023.0,9.0,0.0,0.0,1.0,458.0,3934.0,2429.0,437.0,234.0,426.0,8.6,5.3,1.0,0.5,0.9,0.603,0.274,0.745,0.0,0.0,0.0,0.0,0.0,0.0,0.0,0.0,0.0
Matt Hurt,2023.0,2023.0,1.0,0.0,0.0,1.0,8.0,32.0,16.0,4.0,3.0,3.0,4.0,2.0,0.5,0.4,0.4,0.353,0.25,1.0,0.0,0.0,0.0,0.0,0.0,0.0,0.0,0.0,0.0
Jacob Toppin,2023.0,2023.0,1.0,0.0,0.0,1.0,9.0,13.0,7.0,3.0,0.0,1.0,1.4,0.8,0.3,0.0,0.1,0.556,0.25,1.0,0.0,0.0,0.0,0.0,0.0,0.0,0.0,0.0,0.0
Monte Morris,2017.0,2023.0,7.0,0.0,0.0,1.0,375.0,3747.0,922.0,1437.0,283.0,70.0,10.0,2.5,3.8,0.8,0.2,0.477,0.391,0.824,0.0,0.0,0.0,0.0,0.0,0.0,0.0,0.0,0.0
Mason Jones,2020.0,2023.0,4.0,0.0,0.0,1.0,41.0,202.0,70.0,51.0,10.0,1.0,4.9,1.7,1.2,0.2,0.0,0.418,0.351,0.654,0.0,0.0,0.0,0.0,0.0,0.0,0.0,0.0,0.0
Collin Sexton,2018.0,2023.0,6.0,0.0,0.0,1.0,344.0,6499.0,973.0,1241.0,270.0,47.0,18.9,2.8,3.6,0.8,0.1,0.469,0.383,0.834,0.0,0.0,0.0,0.0,0.0,0.0,0.0,0.0,0.0
Jalen Hood-Schifino,2023.0,2023.0,1.0,0.0,0.0,1.0,21.0,34.0,13.0,8.0,3.0,2.0,1.6,0.6,0.4,0.1,0.1,0.222,0.133,0.6,0.0,0.0,0.0,0.0,0.0,0.0,0.0,0.0,0.0
Gui Santos,2023.0,2023.0,1.0,0.0,0.0,1.0,23.0,82.0,49.0,14.0,4.0,2.0,3.6,2.1,0.6,0.2,0.1,0.509,0.37,0.941,0.0,0.0,0.0,0.0,0.0,0.0,0.0,0.0,0.0
Josh Hart,2017.0,2023.0,7.0,0.0,0.0,1.0,453.0,4422.0,2969.0,1235.0,436.0,148.0,9.8,6.6,2.7,1.0,0.3,0.459,0.344,0.748,0.0,0.0,0.0,0.0,0.0,0.0,0.0,0.0,0.0
DeMar DeRozan,2009.0,2023.0,15.0,0.0,0.0,1.0,1110.0,23582.0,4910.0,4527.0,1108.0,361.0,21.2,4.4,4.1,1.0,0.3,0.469,0.296,0.841,0.0,0.0,0.0,3.0,6.0,0.0,0.0,0.0,0.0
Kevin Huerter,2018.0,2023.0,6.0,0.0,0.0,1.0,413.0,4920.0,1433.0,1258.0,378.0,143.0,11.9,3.5,3.0,0.9,0.3,0.444,0.382,0.766,0.0,0.0,0.0,0.0,0.0,0.0,0.0,0.0,0.0
E.J. Liddell,2023.0,2023.0,1.0,0.0,0.0,1.0,8.0,4.0,5.0,1.0,2.0,2.0,0.5,0.6,0.1,0.2,0.2,0.167,0.0,1.0,0.0,0.0,0.0,0.0,0.0,0.0,0.0,0.0,0.0
Taze Moore,2023.0,2023.0,1.0,0.0,0.0,1.0,4.0,18.0,8.0,5.0,2.0,0.0,4.5,2.0,1.2,0.5,0.0,0.421,0.143,0.5,0.0,0.0,0.0,0.0,0.0,0.0,0.0,0.0,0.0
Tyrese Maxey,2020.0,2023.0,4.0,0.0,0.0,1.0,266.0,4833.0,778.0,1086.0,199.0,86.0,18.2,2.9,4.1,0.7,0.3,0.468,0.396,0.862,0.0,0.0,0.0,0.0,1.0,0.0,0.0,0.0,0.0
Malcolm Brogdon,2016.0,2023.0,8.0,0.0,0.0,1.0,439.0,6772.0,1826.0,2058.0,357.0,103.0,15.4,4.2,4.7,0.8,0.2,0.464,0.391,0.873,0.0,0.0,0.0,0.0,0.0,0.0,1.0,0.0,0.0
Dariq Whitehead,2023.0,2023.0,1.0,0.0,0.0,1.0,2.0,3.0,4.0,3.0,0.0,1.0,1.5,2.0,1.5,0.0,0.5,0.2,0.0,0.5,0.0,0.0,0.0,0.0,0.0,0.0,0.0,0.0,0.0
Patrick Beverley,2012.0,2023.0,12.0,0.0,0.0,1.0,666.0,5520.0,2729.0,2245.0,708.0,343.0,8.3,4.1,3.4,1.1,0.5,0.413,0.371,0.76,0.0,0.0,0.0,0.0,0.0,3.0,0.0,0.0,0.0
Brandon Clarke,2019.0,2023.0,5.0,0.0,0.0,1.0,243.0,2602.0,1357.0,343.0,170.0,210.0,10.7,5.6,1.4,0.7,0.9,0.603,0.286,0.697,0.0,0.0,0.0,0.0,0.0,0.0,0.0,0.0,0.0
Hamidou Diallo,2018.0,2023.0,6.0,0.0,0.0,1.0,265.0,2272.0,1009.0,283.0,225.0,76.0,8.6,3.8,1.1,0.8,0.3,0.495,0.274,0.623,0.0,0.0,0.0,0.0,0.0,0.0,0.0,0.0,0.0
Rui Hachimura,2019.0,2023.0,5.0,0.0,0.0,1.0,278.0,3543.0,1343.0,356.0,164.0,75.0,12.7,4.8,1.3,0.6,0.3,0.493,0.371,0.763,0.0,0.0,0.0,0.0,0.0,0.0,0.0,0.0,0.0
Zeke Nnaji,2020.0,2023.0,4.0,0.0,0.0,1.0,194.0,869.0,476.0,77.0,56.0,78.0,4.5,2.5,0.4,0.3,0.4,0.512,0.37,0.662,1.0,0.0,0.0,0.0,0.0,0.0,0.0,0.0,0.0
Ryan Rollins,2022.0,2023.0,2.0,0.0,0.0,1.0,25.0,67.0,25.0,20.0,11.0,4.0,2.7,1.0,0.8,0.4,0.2,0.447,0.462,0.826,0.0,0.0,0.0,0.0,0.0,0.0,0.0,0.0,0.0
Dejounte Murray,2016.0,2023.0,8.0,0.0,0.0,1.0,472.0,7261.0,2725.0,2490.0,678.0,127.0,15.4,5.8,5.3,1.4,0.3,0.458,0.345,0.787,0.0,0.0,0.0,0.0,1.0,1.0,0.0,0.0,0.0
Jeff Dowtin Jr.,2021.0,2023.0,3.0,0.0,0.0,1.0,46.0,132.0,61.0,68.0,21.0,5.0,2.9,1.3,1.5,0.5,0.1,0.445,0.341,0.733,0.0,0.0,0.0,0.0,0.0,0.0,0.0,0.0,0.0
Kelly Oubre Jr.,2015.0,2023.0,9.0,0.0,0.0,1.0,595.0,7790.0,2664.0,639.0,594.0,296.0,13.1,4.5,1.1,1.0,0.5,0.435,0.327,0.751,0.0,0.0,0.0,0.0,0.0,0.0,0.0,0.0,0.0
Collin Gillespie,2023.0,2023.0,1.0,0.0,0.0,1.0,24.0,87.0,21.0,27.0,13.0,0.0,3.6,0.9,1.1,0.5,0.0,0.464,0.395,0.667,0.0,0.0,0.0,0.0,0.0,0.0,0.0,0.0,0.0
Obi Toppin,2020.0,2023.0,4.0,0.0,0.0,1.0,283.0,2241.0,913.0,300.0,112.0,103.0,7.9,3.2,1.1,0.4,0.4,0.52,0.351,0.768,0.0,0.0,0.0,0.0,0.0,0.0,0.0,0.0,0.0
Dennis Schroder,2013.0,2023.0,11.0,0.0,0.0,1.0,768.0,10758.0,2236.0,3693.0,628.0,109.0,14.0,2.9,4.8,0.8,0.1,0.434,0.342,0.836,0.0,0.0,0.0,0.0,0.0,0.0,0.0,0.0,0.0
Isaac Okoro,2020.0,2023.0,4.0,0.0,0.0,1.0,279.0,2371.0,800.0,468.0,231.0,110.0,8.5,2.9,1.7,0.8,0.4,0.467,0.347,0.732,0.0,0.0,0.0,0.0,0.0,0.0,0.0,0.0,0.0
Shaquille Harrison,2017.0,2023.0,7.0,0.0,0.0,1.0,183.0,958.0,445.0,301.0,178.0,65.0,5.2,2.4,1.6,1.0,0.4,0.435,0.281,0.718,0.0,0.0,0.0,0.0,0.0,0.0,0.0,0.0,0.0
Kira Lewis Jr.,2020.0,2023.0,4.0,0.0,0.0,1.0,131.0,687.0,169.0,233.0,68.0,15.0,5.2,1.3,1.8,0.5,0.1,0.397,0.294,0.848,0.0,0.0,0.0,0.0,0.0,0.0,0.0,0.0,0.0
Terry Taylor,2021.0,2023.0,3.0,0.0,0.0,1.0,95.0,453.0,256.0,61.0,22.0,16.0,4.8,2.7,0.6,0.2,0.2,0.581,0.288,0.687,0.0,0.0,0.0,0.0,0.0,0.0,0.0,0.0,0.0
Ochai Agbaji,2022.0,2023.0,2.0,0.0,0.0,1.0,137.0,922.0,337.0,150.0,63.0,59.0,6.7,2.5,1.1,0.5,0.4,0.419,0.326,0.744,0.0,0.0,0.0,0.0,0.0,0.0,0.0,0.0,0.0
Danilo Gallinari,2008.0,2023.0,16.0,0.0,0.0,1.0,777.0,11607.0,3618.0,1469.0,551.0,268.0,14.9,4.7,1.9,0.7,0.3,0.428,0.381,0.876,0.0,0.0,0.0,0.0,0.0,0.0,0.0,0.0,0.0
Payton Pritchard,2020.0,2023.0,4.0,0.0,0.0,1.0,267.0,2009.0,645.0,604.0,115.0,22.0,7.5,2.4,2.3,0.4,0.1,0.444,0.395,0.862,1.0,0.0,0.0,0.0,0.0,0.0,0.0,0.0,0.0
Tre Jones,2020.0,2023.0,4.0,0.0,0.0,1.0,251.0,2153.0,710.0,1198.0,217.0,25.0,8.6,2.8,4.8,0.9,0.1,0.481,0.301,0.842,0.0,0.0,0.0,0.0,0.0,0.0,0.0,0.0,0.0
Micah Potter,2021.0,2023.0,3.0,0.0,0.0,1.0,26.0,89.0,68.0,10.0,6.0,7.0,3.4,2.6,0.4,0.2,0.3,0.515,0.433,0.8,0.0,0.0,0.0,0.0,0.0,0.0,0.0,0.0,0.0
Nick Richards,2020.0,2023.0,4.0,0.0,0.0,1.0,200.0,1349.0,1052.0,107.0,46.0,166.0,6.7,5.3,0.5,0.2,0.8,0.661,0.333,0.736,0.0,0.0,0.0,0.0,0.0,0.0,0.0,0.0,0.0
Andre Jackson Jr.,2023.0,2023.0,1.0,0.0,0.0,1.0,57.0,125.0,113.0,50.0,16.0,6.0,2.2,2.0,0.9,0.3,0.1,0.5,0.37,0.727,0.0,0.0,0.0,0.0,0.0,0.0,0.0,0.0,0.0
James Johnson,2009.0,2023.0,15.0,0.0,0.0,1.0,774.0,5822.0,2710.0,1606.0,581.0,653.0,7.5,3.5,2.1,0.8,0.8,0.474,0.3,0.678,0.0,0.0,0.0,0.0,0.0,0.0,0.0,0.0,0.0
Stanley Umude,2022.0,2023.0,2.0,0.0,0.0,1.0,25.0,129.0,51.0,11.0,9.0,8.0,5.2,2.0,0.4,0.4,0.3,0.435,0.444,0.912,0.0,0.0,0.0,0.0,0.0,0.0,0.0,0.0,0.0
Jordan McLaughlin,2019.0,2023.0,5.0,0.0,0.0,1.0,242.0,1074.0,385.0,756.0,209.0,31.0,4.4,1.6,3.1,0.9,0.1,0.446,0.369,0.738,0.0,0.0,0.0,0.0,0.0,0.0,0.0,0.0,0.0
Talen Horton-Tucker,2019.0,2023.0,5.0,0.0,0.0,1.0,247.0,2430.0,700.0,769.0,216.0,99.0,9.8,2.8,3.1,0.9,0.4,0.423,0.293,0.778,1.0,0.0,0.0,0.0,0.0,0.0,0.0,0.0,0.0
Gordon Hayward,2010.0,2023.0,14.0,0.0,0.0,1.0,835.0,12687.0,3698.0,2940.0,808.0,321.0,15.2,4.4,3.5,1.0,0.4,0.455,0.37,0.822,0.0,0.0,0.0,0.0,1.0,0.0,0.0,0.0,0.0
Immanuel Quickley,2020.0,2023.0,4.0,0.0,0.0,1.0,291.0,3978.0,980.0,1012.0,214.0,39.0,13.7,3.4,3.5,0.7,0.1,0.421,0.375,0.857,0.0,0.0,0.0,0.0,0.0,0.0,0.0,0.0,0.0
Thaddeus Young,2007.0,2023.0,17.0,0.0,0.0,1.0,1172.0,14225.0,6614.0,2135.0,1612.0,458.0,12.1,5.6,1.8,1.4,0.4,0.503,0.328,0.661,0.0,0.0,0.0,0.0,0.0,0.0,0.0,0.0,0.0
Sidy Cissoko,2023.0,2023.0,1.0,0.0,0.0,1.0,12.0,45.0,22.0,10.0,7.0,3.0,3.8,1.8,0.8,0.6,0.2,0.485,0.083,0.8,0.0,0.0,0.0,0.0,0.0,0.0,0.0,0.0,0.0
Gary Trent Jr.,2018.0,2023.0,6.0,0.0,0.0,1.0,341.0,4874.0,815.0,512.0,408.0,71.0,14.3,2.4,1.5,1.2,0.2,0.422,0.386,0.819,0.0,0.0,0.0,0.0,0.0,0.0,0.0,0.0,0.0
Sam Merrill,2020.0,2023.0,4.0,0.0,0.0,1.0,102.0,624.0,166.0,138.0,31.0,5.0,6.1,1.6,1.4,0.3,0.0,0.405,0.398,0.895,1.0,0.0,0.0,0.0,0.0,0.0,0.0,0.0,0.0
Svi Mykhailiuk,2018.0,2023.0,6.0,0.0,0.0,1.0,293.0,1835.0,499.0,386.0,158.0,26.0,6.3,1.7,1.3,0.5,0.1,0.404,0.363,0.76,1.0,0.0,0.0,0.0,0.0,0.0,0.0,0.0,0.0
Javonte Smart,2021.0,2023.0,3.0,0.0,0.0,1.0,18.0,51.0,24.0,16.0,6.0,3.0,2.8,1.3,0.9,0.3,0.2,0.317,0.296,0.833,0.0,0.0,0.0,0.0,0.0,0.0,0.0,0.0,0.0
Karl-Anthony Towns,2015.0,2023.0,9.0,0.0,0.0,1.0,573.0,13121.0,6216.0,1815.0,452.0,721.0,22.9,10.8,3.2,0.8,1.3,0.524,0.398,0.839,0.0,0.0,0.0,2.0,4.0,0.0,1.0,0.0,0.0
Jonathan Kuminga,2021.0,2023.0,3.0,0.0,0.0,1.0,211.0,2506.0,820.0,352.0,127.0,89.0,11.9,3.9,1.7,0.6,0.4,0.524,0.341,0.707,1.0,0.0,0.0,0.0,0.0,0.0,0.0,0.0,0.0
Brandon Ingram,2016.0,2023.0,8.0,0.0,0.0,1.0,477.0,9256.0,2466.0,2037.0,342.0,269.0,19.4,5.2,4.3,0.7,0.6,0.468,0.362,0.786,0.0,0.0,0.0,0.0,1.0,0.0,0.0,0.0,0.0
Moses Moody,2021.0,2023.0,3.0,0.0,0.0,1.0,181.0,1063.0,381.0,131.0,67.0,41.0,5.9,2.1,0.7,0.4,0.2,0.46,0.362,0.758,1.0,0.0,0.0,0.0,0.0,0.0,0.0,0.0,0.0
Deni Avdija,2020.0,2023.0,4.0,0.0,0.0,1.0,287.0,2826.0,1714.0,727.0,216.0,124.0,9.8,6.0,2.5,0.8,0.4,0.457,0.327,0.737,0.0,0.0,0.0,0.0,0.0,0.0,0.0,0.0,0.0
Zach Collins,2017.0,2023.0,7.0,0.0,0.0,1.0,314.0,2606.0,1539.0,574.0,131.0,226.0,8.3,4.9,1.8,0.4,0.7,0.479,0.336,0.75,0.0,0.0,0.0,0.0,0.0,0.0,0.0,0.0,0.0
Taylor Hendricks,2023.0,2023.0,1.0,0.0,0.0,1.0,40.0,292.0,185.0,32.0,28.0,30.0,7.3,4.6,0.8,0.7,0.8,0.45,0.379,0.793,0.0,0.0,0.0,0.0,0.0,0.0,0.0,0.0,0.0
Franz Wagner,2021.0,2023.0,3.0,0.0,0.0,1.0,231.0,4103.0,1066.0,783.0,221.0,79.0,17.8,4.6,3.4,1.0,0.3,0.479,0.332,0.85,0.0,0.0,0.0,0.0,0.0,0.0,0.0,0.0,0.0
Daishen Nix,2021.0,2023.0,3.0,0.0,0.0,1.0,96.0,330.0,134.0,178.0,51.0,7.0,3.4,1.4,1.9,0.5,0.1,0.357,0.29,0.597,0.0,0.0,0.0,0.0,0.0,0.0,0.0,0.0,0.0
Ashton Hagans,2020.0,2023.0,4.0,0.0,0.0,1.0,21.0,80.0,45.0,54.0,11.0,9.0,3.8,2.1,2.6,0.5,0.4,0.408,0.32,0.824,0.0,0.0,0.0,0.0,0.0,0.0,0.0,0.0,0.0
Cade Cunningham,2021.0,2023.0,3.0,0.0,0.0,1.0,138.0,2758.0,696.0,892.0,144.0,72.0,20.0,5.0,6.5,1.0,0.5,0.432,0.329,0.858,0.0,0.0,0.0,0.0,0.0,0.0,0.0,0.0,0.0
Anthony Edwards,2020.0,2023.0,4.0,0.0,0.0,1.0,302.0,6920.0,1567.0,1241.0,413.0,182.0,22.9,5.2,4.1,1.4,0.6,0.446,0.353,0.793,0.0,0.0,0.0,1.0,2.0,0.0,0.0,0.0,0.0
Corey Kispert,2021.0,2023.0,3.0,0.0,0.0,1.0,231.0,2524.0,641.0,328.0,108.0,47.0,10.9,2.8,1.4,0.5,0.2,0.481,0.388,0.792,0.0,0.0,0.0,0.0,0.0,0.0,0.0,0.0,0.0
Jaylin Williams,2022.0,2023.0,2.0,0.0,0.0,1.0,118.0,564.0,475.0,186.0,56.0,39.0,4.8,4.0,1.6,0.5,0.3,0.426,0.385,0.747,0.0,0.0,0.0,0.0,0.0,0.0,0.0,0.0,0.0
Malcolm Hill,2021.0,2022.0,2.0,0.0,0.0,1.0,24.0,77.0,38.0,8.0,7.0,3.0,3.2,1.6,0.3,0.3,0.1,0.464,0.359,0.786,0.0,0.0,0.0,0.0,0.0,0.0,0.0,0.0,0.0
Blake Wesley,2022.0,2023.0,2.0,0.0,0.0,1.0,98.0,452.0,176.0,264.0,54.0,14.0,4.6,1.8,2.7,0.6,0.1,0.398,0.299,0.639,0.0,0.0,0.0,0.0,0.0,0.0,0.0,0.0,0.0
Walker Kessler,2022.0,2023.0,2.0,0.0,0.0,1.0,138.0,1197.0,1101.0,129.0,56.0,327.0,8.7,8.0,0.9,0.4,2.4,0.69,0.227,0.548,0.0,0.0,0.0,0.0,0.0,0.0,0.0,0.0,0.0
Jeff Green,2007.0,2023.0,17.0,0.0,0.0,1.0,1185.0,14241.0,4824.0,1764.0,753.0,587.0,12.0,4.1,1.5,0.6,0.5,0.45,0.337,0.804,1.0,0.0,0.0,0.0,0.0,0.0,0.0,0.0,0.0
Oscar Tshiebwe,2023.0,2023.0,1.0,0.0,0.0,1.0,8.0,26.0,16.0,2.0,2.0,1.0,3.2,2.0,0.2,0.2,0.1,0.5,0.0,0.75,0.0,0.0,0.0,0.0,0.0,0.0,0.0,0.0,0.0
Brandin Podziemski,2023.0,2023.0,1.0,0.0,0.0,1.0,74.0,682.0,427.0,273.0,61.0,14.0,9.2,5.8,3.7,0.8,0.2,0.454,0.385,0.633,0.0,0.0,0.0,0.0,0.0,0.0,0.0,0.0,0.0
Tristan Thompson,2011.0,2023.0,13.0,0.0,0.0,1.0,779.0,6753.0,6294.0,776.0,376.0,515.0,8.7,8.1,1.0,0.5,0.7,0.521,0.256,0.597,1.0,0.0,0.0,0.0,0.0,0.0,0.0,0.0,0.0
Dante Exum,2014.0,2023.0,10.0,0.0,0.0,1.0,300.0,1817.0,590.0,672.0,123.0,49.0,6.1,2.0,2.2,0.4,0.2,0.431,0.336,0.767,0.0,0.0,0.0,0.0,0.0,0.0,0.0,0.0,0.0
Nick Smith Jr.,2023.0,2023.0,1.0,0.0,0.0,1.0,51.0,302.0,72.0,59.0,10.0,7.0,5.9,1.4,1.2,0.2,0.1,0.391,0.432,0.867,0.0,0.0,0.0,0.0,0.0,0.0,0.0,0.0,0.0
Ben Sheppard,2023.0,2023.0,1.0,0.0,0.0,1.0,57.0,252.0,89.0,53.0,33.0,2.0,4.4,1.6,0.9,0.6,0.0,0.393,0.314,0.885,0.0,0.0,0.0,0.0,0.0,0.0,0.0,0.0,0.0
Skylar Mays,2020.0,2023.0,4.0,0.0,0.0,1.0,105.0,451.0,122.0,182.0,48.0,7.0,4.3,1.2,1.7,0.5,0.1,0.445,0.345,0.859,0.0,0.0,0.0,0.0,0.0,0.0,0.0,0.0,0.0
Reggie Jackson,2011.0,2023.0,13.0,0.0,0.0,1.0,853.0,10709.0,2421.0,3561.0,577.0,107.0,12.6,2.8,4.2,0.7,0.1,0.424,0.345,0.854,1.0,0.0,0.0,0.0,0.0,0.0,0.0,0.0,0.0
Torrey Craig,2017.0,2023.0,7.0,0.0,0.0,1.0,432.0,2589.0,1729.0,459.0,226.0,243.0,6.0,4.0,1.1,0.5,0.6,0.453,0.353,0.703,0.0,0.0,0.0,0.0,0.0,0.0,0.0,0.0,0.0
AJ Griffin,2022.0,2023.0,2.0,0.0,0.0,1.0,92.0,687.0,171.0,78.0,43.0,14.0,7.5,1.9,0.8,0.5,0.2,0.447,0.372,0.898,0.0,0.0,0.0,0.0,0.0,0.0,0.0,0.0,0.0
Norman Powell,2015.0,2023.0,9.0,0.0,0.0,1.0,557.0,6851.0,1458.0,816.0,434.0,153.0,12.3,2.6,1.5,0.8,0.3,0.468,0.394,0.828,1.0,0.0,0.0,0.0,0.0,0.0,0.0,0.0,0.0
Leonard Miller,2023.0,2023.0,1.0,0.0,0.0,1.0,17.0,29.0,20.0,8.0,2.0,1.0,1.7,1.2,0.5,0.1,0.1,0.65,0.4,0.5,0.0,0.0,0.0,0.0,0.0,0.0,0.0,0.0,0.0
Charlie Brown Jr.,2019.0,2023.0,5.0,0.0,0.0,1.0,49.0,96.0,55.0,17.0,16.0,10.0,2.0,1.1,0.3,0.3,0.2,0.279,0.224,0.92,0.0,0.0,0.0,0.0,0.0,0.0,0.0,0.0,0.0
Josh Richardson,2015.0,2023.0,9.0,0.0,0.0,1.0,546.0,6349.0,1673.0,1451.0,558.0,296.0,11.6,3.1,2.7,1.0,0.5,0.429,0.364,0.846,0.0,0.0,0.0,0.0,0.0,0.0,0.0,0.0,0.0
Thanasis Antetokounmpo,2015.0,2023.0,9.0,0.0,0.0,1.0,198.0,481.0,307.0,115.0,55.0,31.0,2.4,1.6,0.6,0.3,0.2,0.509,0.143,0.529,1.0,0.0,0.0,0.0,0.0,0.0,0.0,0.0,0.0
Xavier Moon,2021.0,2023.0,3.0,0.0,0.0,1.0,28.0,98.0,35.0,50.0,10.0,6.0,3.5,1.2,1.8,0.4,0.2,0.406,0.235,0.571,0.0,0.0,0.0,0.0,0.0,0.0,0.0,0.0,0.0
Buddy Boeheim,2022.0,2023.0,2.0,0.0,0.0,1.0,20.0,50.0,16.0,7.0,2.0,1.0,2.5,0.8,0.4,0.1,0.0,0.25,0.24,0.833,0.0,0.0,0.0,0.0,0.0,0.0,0.0,0.0,0.0
Moussa Diabate,2022.0,2023.0,2.0,0.0,0.0,1.0,33.0,88.0,74.0,8.0,12.0,9.0,2.7,2.2,0.2,0.4,0.3,0.515,0.5,0.633,0.0,0.0,0.0,0.0,0.0,0.0,0.0,0.0,0.0
Bryce McGowens,2022.0,2023.0,2.0,0.0,0.0,1.0,105.0,548.0,195.0,105.0,36.0,16.0,5.2,1.9,1.0,0.3,0.2,0.419,0.33,0.764,0.0,0.0,0.0,0.0,0.0,0.0,0.0,0.0,0.0
Bones Hyland,2021.0,2023.0,3.0,0.0,0.0,1.0,162.0,1613.0,378.0,456.0,106.0,39.0,10.0,2.3,2.8,0.7,0.2,0.398,0.361,0.844,0.0,0.0,0.0,0.0,0.0,0.0,0.0,0.0,0.0
Domantas Sabonis,2016.0,2023.0,8.0,0.0,0.0,1.0,576.0,9064.0,5908.0,2739.0,448.0,271.0,15.7,10.3,4.8,0.8,0.5,0.556,0.332,0.726,0.0,0.0,0.0,2.0,3.0,0.0,0.0,0.0,0.0
Bradley Beal,2012.0,2023.0,12.0,0.0,0.0,1.0,748.0,16355.0,3069.0,3237.0,824.0,311.0,21.9,4.1,4.3,1.1,0.4,0.463,0.375,0.822,0.0,0.0,0.0,1.0,3.0,0.0,0.0,0.0,0.0
Bol Bol,2019.0,2023.0,5.0,0.0,0.0,1.0,166.0,999.0,605.0,104.0,46.0,128.0,6.0,3.6,0.6,0.3,0.8,0.55,0.327,0.745,0.0,0.0,0.0,0.0,0.0,0.0,0.0,0.0,0.0
Chet Holmgren,2023.0,2023.0,1.0,0.0,0.0,1.0,82.0,1357.0,648.0,200.0,53.0,190.0,16.5,7.9,2.4,0.6,2.3,0.53,0.37,0.793,0.0,0.0,0.0,0.0,0.0,0.0,0.0,0.0,0.0
T.J. McConnell,2015.0,2023.0,9.0,0.0,0.0,1.0,627.0,4676.0,1861.0,3191.0,766.0,112.0,7.5,3.0,5.1,1.2,0.2,0.516,0.35,0.784,0.0,0.0,0.0,0.0,0.0,0.0,0.0,0.0,0.0
Isaiah Joe,2020.0,2023.0,4.0,0.0,0.0,1.0,247.0,1678.0,447.0,242.0,120.0,37.0,6.8,1.8,1.0,0.5,0.1,0.427,0.397,0.841,0.0,0.0,0.0,0.0,0.0,0.0,0.0,0.0,0.0
Patrick Williams,2020.0,2023.0,4.0,0.0,0.0,1.0,213.0,2070.0,889.0,280.0,185.0,158.0,9.7,4.2,1.3,0.9,0.7,0.469,0.41,0.78,0.0,0.0,0.0,0.0,0.0,0.0,0.0,0.0,0.0
Cameron Payne,2015.0,2023.0,9.0,0.0,0.0,1.0,405.0,3203.0,847.0,1324.0,263.0,82.0,7.9,2.1,3.3,0.6,0.2,0.422,0.369,0.825,0.0,0.0,0.0,0.0,0.0,0.0,0.0,0.0,0.0
Aleksej Pokusevski,2020.0,2023.0,4.0,0.0,0.0,1.0,168.0,1253.0,778.0,327.0,94.0,136.0,7.5,4.6,1.9,0.6,0.8,0.391,0.304,0.702,0.0,0.0,0.0,0.0,0.0,0.0,0.0,0.0,0.0
Pascal Siakam,2016.0,2023.0,8.0,0.0,0.0,1.0,551.0,9747.0,3643.0,1998.0,499.0,332.0,17.7,6.6,3.6,0.9,0.6,0.496,0.33,0.766,1.0,0.0,0.0,2.0,2.0,0.0,0.0,0.0,0.0
Nate Hinton,2020.0,2023.0,4.0,0.0,0.0,1.0,38.0,74.0,31.0,18.0,10.0,4.0,1.9,0.8,0.5,0.3,0.1,0.377,0.333,0.733,0.0,0.0,0.0,0.0,0.0,0.0,0.0,0.0,0.0
Maxi Kleber,2017.0,2023.0,7.0,0.0,0.0,1.0,406.0,2718.0,1839.0,465.0,170.0,361.0,6.7,4.5,1.1,0.4,0.9,0.446,0.357,0.777,0.0,0.0,0.0,0.0,0.0,0.0,0.0,0.0,0.0
Saddiq Bey,2020.0,2023.0,4.0,0.0,0.0,1.0,292.0,4103.0,1532.0,538.0,246.0,54.0,14.1,5.2,1.8,0.8,0.2,0.408,0.352,0.842,0.0,0.0,0.0,0.0,0.0,0.0,0.0,0.0,0.0
Malaki Branham,2022.0,2023.0,2.0,0.0,0.0,1.0,141.0,1363.0,329.0,283.0,60.0,15.0,9.7,2.3,2.0,0.4,0.1,0.436,0.325,0.85,0.0,0.0,0.0,0.0,0.0,0.0,0.0,0.0,0.0
Jalen Slawson,2023.0,2023.0,1.0,0.0,0.0,1.0,12.0,8.0,7.0,2.0,1.0,1.0,0.7,0.6,0.2,0.1,0.1,0.667,0.0,0.0,0.0,0.0,0.0,0.0,0.0,0.0,0.0,0.0,0.0
DeJon Jarreau,2021.0,2023.0,3.0,0.0,0.0,1.0,10.0,43.0,44.0,26.0,6.0,2.0,4.3,4.4,2.6,0.6,0.2,0.34,0.308,0.455,0.0,0.0,0.0,0.0,0.0,0.0,0.0,0.0,0.0
JT Thor,2021.0,2023.0,3.0,0.0,0.0,1.0,165.0,528.0,341.0,84.0,41.0,61.0,3.2,2.1,0.5,0.2,0.4,0.418,0.32,0.644,0.0,0.0,0.0,0.0,0.0,0.0,0.0,0.0,0.0
Jake LaRavia,2022.0,2023.0,2.0,0.0,0.0,1.0,70.0,484.0,191.0,79.0,41.0,16.0,6.9,2.7,1.1,0.6,0.2,0.389,0.339,0.822,0.0,0.0,0.0,0.0,0.0,0.0,0.0,0.0,0.0
Alex Fudge,2023.0,2023.0,1.0,0.0,0.0,1.0,6.0,15.0,5.0,0.0,3.0,0.0,2.5,0.8,0.0,0.5,0.0,0.4,0.2,1.0,0.0,0.0,0.0,0.0,0.0,0.0,0.0,0.0,0.0
Mamadi Diakite,2020.0,2023.0,4.0,0.0,0.0,1.0,55.0,169.0,127.0,20.0,16.0,24.0,3.1,2.3,0.4,0.3,0.4,0.483,0.229,0.697,1.0,0.0,0.0,0.0,0.0,0.0,0.0,0.0,0.0
Daniel Gafford,2019.0,2023.0,5.0,0.0,0.0,1.0,321.0,2796.0,1739.0,317.0,167.0,482.0,8.7,5.4,1.0,0.5,1.5,0.711,0.0,0.668,0.0,0.0,0.0,0.0,0.0,0.0,0.0,0.0,0.0
Tre Mann,2021.0,2023.0,3.0,0.0,0.0,1.0,168.0,1524.0,475.0,376.0,138.0,26.0,9.1,2.8,2.2,0.8,0.2,0.408,0.345,0.776,0.0,0.0,0.0,0.0,0.0,0.0,0.0,0.0,0.0
Jock Landale,2021.0,2023.0,3.0,0.0,0.0,1.0,179.0,995.0,590.0,178.0,46.0,77.0,5.6,3.3,1.0,0.3,0.4,0.515,0.282,0.782,0.0,0.0,0.0,0.0,0.0,0.0,0.0,0.0,0.0
Aaron Wiggins,2021.0,2023.0,3.0,0.0,0.0,1.0,198.0,1437.0,574.0,234.0,125.0,44.0,7.3,2.9,1.2,0.6,0.2,0.514,0.394,0.78,0.0,0.0,0.0,0.0,0.0,0.0,0.0,0.0,0.0
Sam Hauser,2021.0,2023.0,3.0,0.0,0.0,1.0,185.0,1289.0,509.0,163.0,70.0,48.0,7.0,2.8,0.9,0.4,0.3,0.45,0.422,0.806,1.0,0.0,0.0,0.0,0.0,0.0,0.0,0.0,0.0
Derrick Jones Jr.,2016.0,2023.0,8.0,0.0,0.0,1.0,420.0,2809.0,1367.0,306.0,266.0,281.0,6.7,3.3,0.7,0.6,0.7,0.502,0.316,0.706,0.0,0.0,0.0,0.0,0.0,0.0,0.0,0.0,0.0
,,,,,,,,,,,,,,,,,,,,,,,,,,,,,
Trevelin Queen,2021.0,2023.0,3.0,0.0,0.0,1.0,31.0,104.0,53.0,28.0,14.0,11.0,3.4,1.7,0.9,0.5,0.4,0.36,0.25,0.857,0.0,0.0,0.0,0.0,0.0,0.0,0.0,0.0,0.0
Draymond Green,2012.0,2023.0,12.0,0.0,0.0,1.0,813.0,7052.0,5673.0,4565.0,1084.0,818.0,8.7,7.0,5.6,1.3,1.0,0.452,0.319,0.713,4.0,0.0,0.0,2.0,4.0,8.0,0.0,1.0,0.0
Joshua Primo,2021.0,2023.0,3.0,0.0,0.0,1.0,56.0,318.0,127.0,99.0,21.0,26.0,5.7,2.3,1.8,0.4,0.5,0.371,0.3,0.75,0.0,0.0,0.0,0.0,0.0,0.0,0.0,0.0,0.0
Daniel Theis,2017.0,2023.0,7.0,0.0,0.0,1.0,373.0,2742.0,1775.0,454.0,172.0,319.0,7.4,4.8,1.2,0.5,0.9,0.541,0.331,0.718,0.0,0.0,0.0,0.0,0.0,0.0,0.0,0.0,0.0
Max Christie,2022.0,2023.0,2.0,0.0,0.0,1.0,108.0,412.0,217.0,81.0,29.0,24.0,3.8,2.0,0.8,0.3,0.2,0.424,0.378,0.806,0.0,0.0,0.0,0.0,0.0,0.0,0.0,0.0,0.0
Luka Doncic,2018.0,2023.0,6.0,0.0,0.0,1.0,400.0,11470.0,3472.0,3317.0,467.0,182.0,28.7,8.7,8.3,1.2,0.5,0.47,0.347,0.747,0.0,0.0,0.0,5.0,5.0,0.0,1.0,0.0,0.0
James Harden,2009.0,2023.0,15.0,0.0,0.0,1.0,1072.0,25885.0,6017.0,7629.0,1597.0,600.0,24.1,5.6,7.1,1.5,0.6,0.441,0.364,0.861,0.0,0.0,1.0,7.0,10.0,0.0,0.0,0.0,0.0
Admiral Schofield,2019.0,2023.0,5.0,0.0,0.0,1.0,131.0,426.0,215.0,78.0,21.0,14.0,3.3,1.6,0.6,0.2,0.1,0.417,0.326,0.782,0.0,0.0,0.0,0.0,0.0,0.0,0.0,0.0,0.0
Clint Capela,2014.0,2023.0,10.0,0.0,0.0,1.0,609.0,7466.0,6516.0,614.0,416.0,898.0,12.3,10.7,1.0,0.7,1.5,0.621,0.0,0.545,0.0,0.0,0.0,0.0,0.0,0.0,0.0,0.0,0.0
Nickeil Alexander-Walker,2019.0,2023.0,5.0,0.0,0.0,1.0,299.0,2485.0,683.0,659.0,206.0,116.0,8.3,2.3,2.2,0.7,0.4,0.407,0.354,0.73,0.0,0.0,0.0,0.0,0.0,0.0,0.0,0.0,0.0
Caleb Houstan,2022.0,2023.0,2.0,0.0,0.0,1.0,110.0,446.0,183.0,59.0,27.0,11.0,4.1,1.7,0.5,0.2,0.1,0.376,0.359,0.818,0.0,0.0,0.0,0.0,0.0,0.0,0.0,0.0,0.0
Danuel House Jr.,2016.0,2023.0,8.0,0.0,0.0,1.0,294.0,2155.0,879.0,335.0,165.0,98.0,7.3,3.0,1.1,0.6,0.3,0.434,0.359,0.761,0.0,0.0,0.0,0.0,0.0,0.0,0.0,0.0,0.0
Bruno Fernando,2019.0,2023.0,5.0,0.0,0.0,1.0,203.0,814.0,661.0,143.0,54.0,93.0,4.0,3.3,0.7,0.3,0.5,0.544,0.122,0.65,0.0,0.0,0.0,0.0,0.0,0.0,0.0,0.0,0.0
Derrick White,2017.0,2023.0,7.0,0.0,0.0,1.0,418.0,5151.0,1467.0,1704.0,333.0,366.0,12.3,3.5,4.1,0.8,0.9,0.45,0.363,0.854,1.0,0.0,0.0,0.0,0.0,2.0,0.0,0.0,0.0
Jalen Crutcher,2023.0,2023.0,1.0,0.0,0.0,1.0,1.0,0.0,0.0,0.0,0.0,0.0,0.0,0.0,0.0,0.0,0.0,0.0,0.0,0.0,0.0,0.0,0.0,0.0,0.0,0.0,0.0,0.0,0.0
Davion Mitchell,2021.0,2023.0,3.0,0.0,0.0,1.0,227.0,1690.0,366.0,632.0,116.0,42.0,7.4,1.6,2.8,0.5,0.2,0.434,0.327,0.703,0.0,0.0,0.0,0.0,0.0,0.0,0.0,0.0,0.0
Peyton Watson,2022.0,2023.0,2.0,0.0,0.0,1.0,103.0,607.0,295.0,97.0,44.0,99.0,5.9,2.9,0.9,0.4,1.0,0.468,0.307,0.651,1.0,0.0,0.0,0.0,0.0,0.0,0.0,0.0,0.0
Josh Minott,2022.0,2023.0,2.0,0.0,0.0,1.0,47.0,96.0,42.0,13.0,9.0,11.0,2.0,0.9,0.3,0.2,0.2,0.486,0.375,0.909,0.0,0.0,0.0,0.0,0.0,0.0,0.0,0.0,0.0
Luke Kornet,2017.0,2023.0,7.0,0.0,0.0,1.0,280.0,1402.0,837.0,265.0,85.0,226.0,5.0,3.0,0.9,0.3,0.8,0.502,0.323,0.811,1.0,0.0,0.0,0.0,0.0,0.0,0.0,0.0,0.0
Jeremiah Robinson-Earl,2021.0,2023.0,3.0,0.0,0.0,1.0,131.0,773.0,530.0,113.0,63.0,30.0,5.9,4.0,0.9,0.5,0.2,0.433,0.343,0.777,0.0,0.0,0.0,0.0,0.0,0.0,0.0,0.0,0.0
Jaime Jaquez Jr.,2023.0,2023.0,1.0,0.0,0.0,1.0,75.0,889.0,285.0,195.0,77.0,20.0,11.9,3.8,2.6,1.0,0.3,0.489,0.322,0.811,0.0,0.0,0.0,0.0,0.0,0.0,0.0,0.0,0.0
Josh Green,2020.0,2023.0,4.0,0.0,0.0,1.0,223.0,1435.0,605.0,340.0,150.0,31.0,6.4,2.7,1.5,0.7,0.1,0.503,0.375,0.689,0.0,0.0,0.0,0.0,0.0,0.0,0.0,0.0,0.0
Noah Clowney,2023.0,2023.0,1.0,0.0,0.0,1.0,23.0,133.0,81.0,18.0,8.0,16.0,5.8,3.5,0.8,0.3,0.7,0.538,0.364,0.7,0.0,0.0,0.0,0.0,0.0,0.0,0.0,0.0,0.0
Oshae Brissett,2019.0,2023.0,5.0,0.0,0.0,1.0,227.0,1478.0,877.0,185.0,119.0,71.0,6.5,3.9,0.8,0.5,0.3,0.416,0.337,0.698,1.0,0.0,0.0,0.0,0.0,0.0,0.0,0.0,0.0
Khris Middleton,2012.0,2023.0,12.0,0.0,0.0,1.0,739.0,12461.0,3563.0,2916.0,868.0,143.0,16.9,4.8,3.9,1.2,0.2,0.46,0.388,0.879,1.0,0.0,0.0,0.0,3.0,0.0,0.0,0.0,0.0
Jaden Springer,2021.0,2023.0,3.0,0.0,0.0,1.0,67.0,207.0,94.0,52.0,43.0,20.0,3.1,1.4,0.8,0.6,0.3,0.418,0.226,0.82,1.0,0.0,0.0,0.0,0.0,0.0,0.0,0.0,0.0
Julian Champagnie,2022.0,2023.0,2.0,0.0,0.0,1.0,91.0,669.0,266.0,113.0,54.0,47.0,7.4,2.9,1.2,0.6,0.5,0.419,0.373,0.817,0.0,0.0,0.0,0.0,0.0,0.0,0.0,0.0,0.0
Ja Morant,2019.0,2023.0,5.0,0.0,0.0,1.0,257.0,5783.0,1243.0,1903.0,254.0,74.0,22.5,4.8,7.4,1.0,0.3,0.472,0.318,0.755,0.0,0.0,0.0,1.0,2.0,0.0,1.0,0.0,0.0
Anthony Gill,2020.0,2023.0,4.0,0.0,0.0,1.0,179.0,644.0,329.0,106.0,35.0,38.0,3.6,1.8,0.6,0.2,0.2,0.516,0.292,0.778,0.0,0.0,0.0,0.0,0.0,0.0,0.0,0.0,0.0
David Duke Jr.,2021.0,2023.0,3.0,0.0,0.0,1.0,49.0,215.0,106.0,43.0,26.0,8.0,4.4,2.2,0.9,0.5,0.2,0.417,0.236,0.78,0.0,0.0,0.0,0.0,0.0,0.0,0.0,0.0,0.0
Marques Bolden,2019.0,2023.0,5.0,0.0,0.0,1.0,18.0,44.0,42.0,4.0,6.0,9.0,2.4,2.3,0.2,0.3,0.5,0.643,0.0,0.667,0.0,0.0,0.0,0.0,0.0,0.0,0.0,0.0,0.0
Alperen Sengun,2021.0,2023.0,3.0,0.0,0.0,1.0,210.0,3132.0,1660.0,788.0,205.0,184.0,14.9,7.9,3.8,1.0,0.9,0.528,0.284,0.705,0.0,0.0,0.0,0.0,0.0,0.0,0.0,0.0,0.0
Grant Williams,2019.0,2023.0,5.0,0.0,0.0,1.0,364.0,2558.0,1311.0,515.0,185.0,187.0,7.0,3.6,1.4,0.5,0.5,0.453,0.377,0.768,0.0,0.0,0.0,0.0,0.0,0.0,0.0,0.0,0.0
Bobby Portis,2015.0,2023.0,9.0,0.0,0.0,1.0,605.0,7138.0,4274.0,746.0,360.0,221.0,11.8,7.1,1.2,0.6,0.4,0.479,0.385,0.759,1.0,0.0,0.0,0.0,0.0,0.0,0.0,0.0,0.0
Jaxson Hayes,2019.0,2023.0,5.0,0.0,0.0,1.0,311.0,2111.0,1174.0,201.0,138.0,196.0,6.8,3.8,0.6,0.4,0.6,0.636,0.268,0.707,0.0,0.0,0.0,0.0,0.0,0.0,0.0,0.0,0.0
Mike Muscala,2013.0,2023.0,11.0,0.0,0.0,1.0,548.0,3206.0,1699.0,464.0,174.0,248.0,5.9,3.1,0.8,0.3,0.5,0.451,0.373,0.83,0.0,0.0,0.0,0.0,0.0,0.0,0.0,0.0,0.0
Robert Williams III,2018.0,2023.0,6.0,0.0,0.0,1.0,215.0,1575.0,1485.0,304.0,159.0,355.0,7.3,6.9,1.4,0.7,1.7,0.729,0.0,0.66,0.0,0.0,0.0,0.0,0.0,1.0,0.0,0.0,0.0
KJ Martin,2020.0,2023.0,4.0,0.0,0.0,1.0,266.0,2378.0,1122.0,323.0,127.0,123.0,8.9,4.2,1.2,0.5,0.5,0.544,0.337,0.662,0.0,0.0,0.0,0.0,0.0,0.0,0.0,0.0,0.0
Patty Mills,2009.0,2023.0,15.0,0.0,0.0,1.0,892.0,7893.0,1469.0,1984.0,568.0,77.0,8.8,1.6,2.2,0.6,0.1,0.424,0.386,0.856,1.0,0.0,0.0,0.0,0.0,0.0,0.0,0.0,0.0
Cody Martin,2019.0,2023.0,5.0,0.0,0.0,1.0,206.0,1235.0,737.0,475.0,200.0,72.0,6.0,3.6,2.3,1.0,0.3,0.442,0.317,0.651,0.0,0.0,0.0,0.0,0.0,0.0,0.0,0.0,0.0
Jae Crowder,2012.0,2023.0,12.0,0.0,0.0,1.0,803.0,7492.0,3371.0,1275.0,786.0,269.0,9.3,4.2,1.6,1.0,0.3,0.419,0.348,0.777,0.0,0.0,0.0,0.0,0.0,0.0,0.0,0.0,0.0
Craig Porter Jr.,2023.0,2023.0,1.0,0.0,0.0,1.0,51.0,285.0,109.0,118.0,21.0,15.0,5.6,2.1,2.3,0.4,0.3,0.509,0.353,0.732,0.0,0.0,0.0,0.0,0.0,0.0,0.0,0.0,0.0
TyTy Washington Jr.,2022.0,2023.0,2.0,0.0,0.0,1.0,42.0,159.0,50.0,52.0,18.0,2.0,3.8,1.2,1.2,0.4,0.0,0.356,0.244,0.556,0.0,0.0,0.0,0.0,0.0,0.0,0.0,0.0,0.0
Evan Fournier,2012.0,2023.0,12.0,0.0,0.0,1.0,704.0,9607.0,1878.0,1760.0,615.0,108.0,13.6,2.7,2.5,0.9,0.2,0.441,0.374,0.799,0.0,0.0,0.0,0.0,0.0,0.0,0.0,0.0,0.0
Naz Reid,2019.0,2023.0,5.0,0.0,0.0,1.0,326.0,3561.0,1503.0,361.0,198.0,295.0,10.9,4.6,1.1,0.6,0.9,0.496,0.371,0.717,0.0,0.0,0.0,0.0,0.0,0.0,0.0,0.0,0.0
OG Anunoby,2017.0,2023.0,7.0,0.0,0.0,1.0,418.0,5001.0,1786.0,667.0,527.0,224.0,12.0,4.3,1.6,1.3,0.5,0.474,0.376,0.745,1.0,0.0,0.0,0.0,0.0,1.0,0.0,0.0,0.0
Lauri Markkanen,2017.0,2023.0,7.0,0.0,0.0,1.0,403.0,7308.0,2923.0,587.0,281.0,205.0,18.1,7.3,1.5,0.7,0.5,0.459,0.375,0.866,0.0,0.0,0.0,0.0,1.0,0.0,0.0,0.0,0.0
Trey Lyles,2015.0,2023.0,9.0,0.0,0.0,1.0,581.0,4484.0,2510.0,615.0,219.0,206.0,7.7,4.3,1.1,0.4,0.4,0.443,0.347,0.745,0.0,0.0,0.0,0.0,0.0,0.0,0.0,0.0,0.0
Kenrich Williams,2018.0,2023.0,6.0,0.0,0.0,1.0,322.0,2054.0,1368.0,598.0,254.0,90.0,6.4,4.2,1.9,0.8,0.3,0.468,0.36,0.519,0.0,0.0,0.0,0.0,0.0,0.0,0.0,0.0,0.0
Jacob Gilyard,2022.0,2023.0,2.0,0.0,0.0,1.0,42.0,176.0,50.0,144.0,36.0,5.0,4.2,1.2,3.4,0.9,0.1,0.399,0.403,1.0,0.0,0.0,0.0,0.0,0.0,0.0,0.0,0.0,0.0
Wendell Carter Jr.,2018.0,2023.0,6.0,0.0,0.0,1.0,315.0,3947.0,2681.0,631.0,195.0,240.0,12.5,8.5,2.0,0.6,0.8,0.517,0.334,0.727,0.0,0.0,0.0,0.0,0.0,0.0,0.0,0.0,0.0
Alondes Williams,2022.0,2023.0,2.0,0.0,0.0,1.0,8.0,5.0,2.0,0.0,0.0,1.0,0.6,0.2,0.0,0.0,0.1,0.25,0.0,1.0,0.0,0.0,0.0,0.0,0.0,0.0,0.0,0.0,0.0
Malik Williams,2023.0,2023.0,1.0,0.0,0.0,1.0,7.0,19.0,38.0,2.0,3.0,4.0,2.7,5.4,0.3,0.4,0.6,0.265,0.2,0.0,0.0,0.0,0.0,0.0,0.0,0.0,0.0,0.0,0.0
Herbert Jones,2021.0,2023.0,3.0,0.0,0.0,1.0,220.0,2228.0,837.0,528.0,338.0,164.0,10.1,3.8,2.4,1.5,0.7,0.482,0.373,0.824,0.0,0.0,0.0,0.0,0.0,1.0,0.0,0.0,0.0
Filip Petrusev,2023.0,2023.0,1.0,0.0,0.0,1.0,3.0,3.0,1.0,0.0,0.0,0.0,1.0,0.3,0.0,0.0,0.0,0.5,0.0,0.5,0.0,0.0,0.0,0.0,0.0,0.0,0.0,0.0,0.0
Boban Marjanovic,2015.0,2023.0,9.0,0.0,0.0,1.0,331.0,1835.0,1189.0,154.0,60.0,96.0,5.5,3.6,0.5,0.2,0.3,0.578,0.238,0.762,0.0,0.0,0.0,0.0,0.0,0.0,0.0,0.0,0.0
Seth Curry,2013.0,2023.0,11.0,0.0,0.0,1.0,482.0,5032.0,1011.0,975.0,332.0,66.0,10.4,2.1,2.0,0.7,0.1,0.471,0.431,0.864,0.0,0.0,0.0,0.0,0.0,0.0,0.0,0.0,0.0
Mikal Bridges,2018.0,2023.0,6.0,0.0,0.0,1.0,474.0,6760.0,1948.0,1211.0,575.0,274.0,14.3,4.1,2.6,1.2,0.6,0.48,0.375,0.846,0.0,0.0,0.0,0.0,0.0,1.0,0.0,0.0,0.0
Emoni Bates,2023.0,2023.0,1.0,0.0,0.0,1.0,15.0,41.0,14.0,10.0,1.0,2.0,2.7,0.9,0.7,0.1,0.1,0.306,0.303,0.25,0.0,0.0,0.0,0.0,0.0,0.0,0.0,0.0,0.0
Taurean Prince,2016.0,2023.0,8.0,0.0,0.0,1.0,502.0,5089.0,1804.0,850.0,399.0,209.0,10.1,3.6,1.7,0.8,0.4,0.424,0.376,0.811,0.0,0.0,0.0,0.0,0.0,0.0,0.0,0.0,0.0
Nassir Little,2019.0,2023.0,5.0,0.0,0.0,1.0,237.0,1313.0,688.0,170.0,73.0,93.0,5.5,2.9,0.7,0.3,0.4,0.452,0.33,0.735,0.0,0.0,0.0,0.0,0.0,0.0,0.0,0.0,0.0
Keon Ellis,2022.0,2023.0,2.0,0.0,0.0,1.0,73.0,334.0,132.0,91.0,56.0,30.0,4.6,1.8,1.2,0.8,0.4,0.46,0.422,0.714,0.0,0.0,0.0,0.0,0.0,0.0,0.0,0.0,0.0
Jalen Green,2021.0,2023.0,3.0,0.0,0.0,1.0,225.0,4450.0,933.0,748.0,169.0,64.0,19.8,4.1,3.3,0.8,0.3,0.421,0.337,0.794,0.0,0.0,0.0,0.0,0.0,0.0,0.0,0.0,0.0
Dillon Brooks,2017.0,2023.0,7.0,0.0,0.0,1.0,417.0,5917.0,1319.0,854.0,389.0,108.0,14.2,3.2,2.0,0.9,0.3,0.418,0.345,0.802,0.0,0.0,0.0,0.0,0.0,1.0,0.0,0.0,0.0
JaVale McGee,2008.0,2023.0,16.0,0.0,0.0,1.0,909.0,6907.0,4577.0,386.0,345.0,1258.0,7.6,5.0,0.4,0.4,1.4,0.578,0.192,0.604,3.0,0.0,0.0,0.0,0.0,0.0,0.0,0.0,0.0
Rayan Rupert,2023.0,2023.0,1.0,0.0,0.0,1.0,39.0,155.0,92.0,62.0,12.0,3.0,4.0,2.4,1.6,0.3,0.1,0.335,0.359,0.76,0.0,0.0,0.0,0.0,0.0,0.0,0.0,0.0,0.0
Adama Sanogo,2023.0,2023.0,1.0,0.0,0.0,1.0,9.0,36.0,36.0,0.0,1.0,0.0,4.0,4.0,0.0,0.1,0.0,0.519,0.0,0.667,0.0,0.0,0.0,0.0,0.0,0.0,0.0,0.0,0.0
David Roddy,2022.0,2023.0,2.0,0.0,0.0,1.0,135.0,891.0,404.0,139.0,56.0,30.0,6.6,3.0,1.0,0.4,0.2,0.416,0.301,0.662,0.0,0.0,0.0,0.0,0.0,0.0,0.0,0.0,0.0
Henri Drell,2023.0,2023.0,1.0,0.0,0.0,1.0,4.0,11.0,4.0,4.0,2.0,1.0,2.8,1.0,1.0,0.5,0.2,0.4,0.333,0.5,0.0,0.0,0.0,0.0,0.0,0.0,0.0,0.0,0.0
Tristan Vukcevic,2023.0,2023.0,1.0,0.0,0.0,1.0,10.0,85.0,36.0,13.0,5.0,7.0,8.5,3.6,1.3,0.5,0.7,0.433,0.278,0.773,0.0,0.0,0.0,0.0,0.0,0.0,0.0,0.0,0.0
Marcus Morris Sr.,2011.0,2023.0,13.0,0.0,0.0,1.0,832.0,9965.0,3690.0,1235.0,545.0,238.0,12.0,4.4,1.5,0.7,0.3,0.435,0.377,0.774,0.0,0.0,0.0,0.0,0.0,0.0,0.0,0.0,0.0
Jordan Goodwin,2021.0,2023.0,3.0,0.0,0.0,1.0,121.0,775.0,459.0,323.0,106.0,44.0,6.4,3.8,2.7,0.9,0.4,0.405,0.308,0.758,0.0,0.0,0.0,0.0,0.0,0.0,0.0,0.0,0.0
Myles Turner,2015.0,2023.0,9.0,0.0,0.0,1.0,570.0,7911.0,3878.0,702.0,386.0,1268.0,13.9,6.8,1.2,0.7,2.2,0.502,0.354,0.771,0.0,0.0,0.0,0.0,0.0,0.0,0.0,0.0,0.0
Johnny Juzang,2022.0,2023.0,2.0,0.0,0.0,1.0,38.0,231.0,75.0,31.0,8.0,5.0,6.1,2.0,0.8,0.2,0.1,0.402,0.336,0.667,0.0,0.0,0.0,0.0,0.0,0.0,0.0,0.0,0.0
Jaden Ivey,2022.0,2023.0,2.0,0.0,0.0,1.0,151.0,2389.0,552.0,683.0,118.0,58.0,15.8,3.7,4.5,0.8,0.4,0.422,0.339,0.748,0.0,0.0,0.0,0.0,0.0,0.0,0.0,0.0,0.0
Jonas Valanciunas,2012.0,2023.0,12.0,0.0,0.0,1.0,856.0,11436.0,8096.0,1137.0,342.0,822.0,13.4,9.5,1.3,0.4,1.0,0.561,0.348,0.789,0.0,0.0,0.0,0.0,0.0,0.0,0.0,0.0,0.0
Cam Thomas,2021.0,2023.0,3.0,0.0,0.0,1.0,190.0,2656.0,470.0,348.0,98.0,31.0,14.0,2.5,1.8,0.5,0.2,0.44,0.344,0.855,0.0,0.0,0.0,0.0,0.0,0.0,0.0,0.0,0.0
Jaden McDaniels,2020.0,2023.0,4.0,0.0,0.0,1.0,284.0,2784.0,1056.0,399.0,224.0,232.0,9.8,3.7,1.4,0.8,0.8,0.484,0.354,0.729,0.0,0.0,0.0,0.0,0.0,1.0,0.0,0.0,0.0
Amen Thompson,2023.0,2023.0,1.0,0.0,0.0,1.0,62.0,592.0,409.0,163.0,78.0,38.0,9.5,6.6,2.6,1.3,0.6,0.536,0.138,0.684,0.0,0.0,0.0,0.0,0.0,0.0,0.0,0.0,0.0
Landry Shamet,2018.0,2023.0,6.0,0.0,0.0,1.0,348.0,3027.0,601.0,570.0,167.0,54.0,8.7,1.7,1.6,0.5,0.2,0.408,0.384,0.84,0.0,0.0,0.0,0.0,0.0,0.0,0.0,0.0,0.0
Kyle Anderson,2014.0,2023.0,10.0,0.0,0.0,1.0,653.0,4519.0,2861.0,1833.0,659.0,408.0,6.9,4.4,2.8,1.0,0.6,0.479,0.338,0.714,0.0,0.0,0.0,0.0,0.0,0.0,0.0,0.0,0.0
Terance Mann,2019.0,2023.0,5.0,0.0,0.0,1.0,345.0,2814.0,1252.0,669.0,180.0,76.0,8.2,3.6,1.9,0.5,0.2,0.503,0.373,0.793,0.0,0.0,0.0,0.0,0.0,0.0,0.0,0.0,0.0
Malachi Flynn,2020.0,2023.0,4.0,0.0,0.0,1.0,213.0,1168.0,369.0,407.0,117.0,23.0,5.5,1.7,1.9,0.5,0.1,0.387,0.334,0.745,0.0,0.0,0.0,0.0,0.0,0.0,0.0,0.0,0.0
Omer Yurtseven,2021.0,2023.0,3.0,0.0,0.0,1.0,113.0,561.0,525.0,80.0,27.0,40.0,5.0,4.6,0.7,0.2,0.4,0.535,0.214,0.653,0.0,0.0,0.0,0.0,0.0,0.0,0.0,0.0,0.0
Lonzo Ball,2017.0,2021.0,5.0,0.0,0.0,1.0,252.0,2995.0,1447.0,1563.0,391.0,162.0,11.9,5.7,6.2,1.6,0.6,0.4,0.364,0.578,0.0,0.0,0.0,0.0,0.0,0.0,0.0,0.0,0.0
Anthony Davis,2012.0,2023.0,12.0,0.0,0.0,1.0,736.0,17717.0,7825.0,1828.0,974.0,1705.0,24.1,10.6,2.5,1.3,2.3,0.523,0.297,0.795,1.0,0.0,0.0,5.0,9.0,5.0,0.0,0.0,0.0
Tari Eason,2022.0,2023.0,2.0,0.0,0.0,1.0,104.0,975.0,649.0,115.0,127.0,66.0,9.4,6.2,1.1,1.2,0.6,0.452,0.347,0.73,0.0,0.0,0.0,0.0,0.0,0.0,0.0,0.0,0.0
Jahmi'us Ramsey,2020.0,2023.0,4.0,0.0,0.0,1.0,39.0,147.0,45.0,21.0,12.0,2.0,3.8,1.2,0.5,0.3,0.1,0.416,0.271,0.68,0.0,0.0,0.0,0.0,0.0,0.0,0.0,0.0,0.0
Kris Murray,2023.0,2023.0,1.0,0.0,0.0,1.0,62.0,376.0,224.0,80.0,53.0,21.0,6.1,3.6,1.3,0.9,0.3,0.396,0.268,0.661,0.0,0.0,0.0,0.0,0.0,0.0,0.0,0.0,0.0
Eugene Omoruyi,2021.0,2023.0,3.0,0.0,0.0,1.0,87.0,492.0,203.0,65.0,55.0,8.0,5.7,2.3,0.7,0.6,0.1,0.46,0.285,0.664,0.0,0.0,0.0,0.0,0.0,0.0,0.0,0.0,0.0
Deandre Ayton,2018.0,2023.0,6.0,0.0,0.0,1.0,358.0,5966.0,3761.0,585.0,261.0,341.0,16.7,10.5,1.6,0.7,1.0,0.592,0.244,0.761,0.0,0.0,0.0,0.0,0.0,0.0,0.0,0.0,0.0
Mark Williams,2022.0,2023.0,2.0,0.0,0.0,1.0,62.0,629.0,488.0,40.0,44.0,65.0,10.1,7.9,0.6,0.7,1.0,0.642,0.0,0.702,0.0,0.0,0.0,0.0,0.0,0.0,0.0,0.0,0.0
Harrison Barnes,2012.0,2023.0,12.0,0.0,0.0,1.0,911.0,12796.0,4432.0,1603.0,633.0,164.0,14.0,4.9,1.8,0.7,0.2,0.457,0.379,0.81,1.0,0.0,0.0,0.0,0.0,0.0,0.0,0.0,0.0
Keyontae Johnson,2023.0,2023.0,1.0,0.0,0.0,1.0,9.0,11.0,10.0,4.0,1.0,0.0,1.2,1.1,0.4,0.1,0.0,0.312,0.333,0.0,0.0,0.0,0.0,0.0,0.0,0.0,0.0,0.0,0.0
De'Andre Hunter,2019.0,2023.0,5.0,0.0,0.0,1.0,263.0,3751.0,1078.0,405.0,174.0,84.0,14.3,4.1,1.5,0.7,0.3,0.447,0.363,0.811,0.0,0.0,0.0,0.0,0.0,0.0,0.0,0.0,0.0
Giannis Antetokounmpo,2013.0,2023.0,11.0,0.0,0.0,1.0,792.0,18502.0,7732.0,3855.0,903.0,986.0,23.4,9.8,4.9,1.1,1.2,0.545,0.286,0.702,1.0,1.0,2.0,8.0,8.0,5.0,0.0,1.0,0.0
Ivica Zubac,2016.0,2023.0,8.0,0.0,0.0,1.0,504.0,4613.0,3732.0,580.0,163.0,485.0,9.2,7.4,1.2,0.3,1.0,0.612,0.083,0.739,0.0,0.0,0.0,0.0,0.0,0.0,0.0,0.0,0.0
Scotty Pippen Jr.,2022.0,2023.0,2.0,0.0,0.0,1.0,27.0,285.0,71.0,100.0,38.0,11.0,10.6,2.6,3.7,1.4,0.4,0.484,0.413,0.719,0.0,0.0,0.0,0.0,0.0,0.0,0.0,0.0,0.0
Tyler Herro,2019.0,2023.0,5.0,0.0,0.0,1.0,284.0,5147.0,1403.0,1036.0,194.0,53.0,18.1,4.9,3.6,0.7,0.2,0.44,0.385,0.872,0.0,0.0,0.0,0.0,0.0,0.0,0.0,0.0,0.0
Nikola Vucevic,2011.0,2023.0,13.0,0.0,0.0,1.0,899.0,15370.0,9435.0,2556.0,760.0,792.0,17.1,10.5,2.8,0.8,0.9,0.495,0.341,0.768,0.0,0.0,0.0,0.0,2.0,0.0,0.0,0.0,0.0
Michael Porter Jr.,2019.0,2023.0,5.0,0.0,0.0,1.0,268.0,4199.0,1669.0,320.0,156.0,163.0,15.7,6.2,1.2,0.6,0.6,0.499,0.41,0.807,1.0,0.0,0.0,0.0,0.0,0.0,0.0,0.0,0.0
